scrape_datetime,date,installation,oil_production,gas_production,oil_equivalents_boe,operator,type,estado,city,atendimento_campo,campo,quantity,code,status
2025-08-11T17:12:37.429Z,,,3252,29571558.951046582,821917501.867553,,,,,,,,,
2025-08-11T17:12:37.429Z,2025-08-05,,32341.08178514925,775.8591232341527,37221.08049846742,,,,,,,,,
2025-08-11T17:12:37.429Z,2025-08-05,Estação Coletora de Gavião Real,1478.9021404569307,,9301.998683046002,Eneva,Estação / Pto de Coleta de Gás Nat.,MA,Santo Antônio dos Lopes,"MERO(27/07/2025), AnC_MERO(27/07/2025)",GAVIÃO REAL,28,,FPADG
2025-08-11T17:12:37.429Z,2025-08-05,Estação Coletora de Pilar,605.6582900000001,,3809.4695124420005,Origem Alagoas,Estação / Ponto de Coleta de Petróleo,AL,Pilar,BÚZIOS(13/01/2023),,33,,FPBAR
2025-08-11T17:12:37.429Z,2025-08-05,Estação de Produção e Escoamento de Gavião Branco,3339.6363561679264,,21005.644753025023,Petrobras,FPSO,AM,Lima Campos,"BÚZIOS(01/07/2024), TAMBUATÁ(31/12/2024), BÚZIOS_ECO(31/12/2024)",GAVIÃO BRANCO,13,,FPTAM
2025-08-11T17:12:37.429Z,2025-08-05,Estação Produtora de Gavião Preto,3338.889253375141,,21000.94562587896,Enauta Energia,FIXA,ES,Bernardo do Mearim,MARLIM(23/06/2023),GAVIÃO PRETO,12,,FPAGA
2025-08-11T17:12:37.429Z,2025-08-05,FPSO ALEXANDRE DE GUSMÃO,2924.6286999999998,43763.22182071577,62158.55141797577,TotalEnergies EP,SEMI SUBMERSÍVEL,,Coari,MARLIM(29/10/2022),CACIMBAS,50,,FPANE
2025-08-11T17:12:37.429Z,2025-08-05,FPSO Almirante Barroso,5848.654820000001,151071.3163218505,187858.1854086865,Karoon Brasil,FPU,,Linhares,ATLANTA(29/10/2024),AZULÃO,,,FPSOATLANTA
2025-08-11T17:12:37.429Z,2025-08-05,FPSO Almirante Tamandaré,7389.98641,186434.92889774905,232916.46541936707,BW Maromba,TLWP,,Silves,SÉPIA(02/01/2021),,57,,FPCRC
2025-08-11T17:12:37.429Z,2025-08-05,FPSO ANITA GARIBALDI,620.79357,28570.994529897598,32475.661926483597,Shell Brasil,,,,"JUBARTE(31/08/2012), BALEIA AZUL(31/08/2012), PIRAMBU(31/08/2012)",,71,,FCDA
2025-08-11T17:12:37.429Z,2025-08-05,FPSO ANNA NERY,712.8924999999999,39834.308482364875,44318.259728864876,Petro Rio Jaguar,,,,TUPI(26/04/2009),,67,,FPCAR
2025-08-11T17:12:37.429Z,2025-08-05,FPSO ATLANTA,352.23269999999997,42425.824823725205,44641.298060185196,Prio Bravo,,,,TARTARUGA VERDE(31/12/2017),,15,,FPCGZ
2025-08-11T17:12:37.429Z,2025-08-05,FPSO Carioca (MV-30),6030.837219999999,158607.57667434652,196540.33662070252,Equinor Brasil,,,,LAPA(30/08/2016),,10,,FPCCG
2025-08-11T17:12:37.429Z,2025-08-05,FPSO CIDADE DE ANCHIETA,854.8080000000001,18999.657757687197,24376.2291160872,3R Petroleum Off,,,,SAPINHOÁ(10/11/2014),,11,,FPCIB
2025-08-11T17:12:37.429Z,2025-08-05,FPSO CIDADE DE ANGRA DOS REIS,,,,Trident Energy,,,,TUPI(31/07/2015),,12,,FPCIG
2025-08-11T17:12:37.429Z,2025-08-05,FPSO Cidade de Campos dos Goytacazes,693.5590299999999,66780.10992203759,71142.4575089316,Perenco Brasil,,,,"BAÚNA(25/01/2013), PIRACABA(25/01/2013)",,13,,FPCI
2025-08-11T17:12:37.429Z,2025-08-05,FPSO CIDADE DE CARAGUATATUBA,1615.9442800000002,43645.5390784248,53809.5054107688,,,,,TUPI(14/10/2014),,14,,FPCMB
2025-08-11T17:12:37.429Z,2025-08-05,FPSO CIDADE DE ILHA BELA,3080.05044,63870.87060083401,83243.771858346,,,,,TUPI(28/01/2016),,15,,FPCMC
2025-08-11T17:12:37.429Z,2025-08-05,FPSO CIDADE DE ITAGUAÍ,6663.9398,105876.26984544717,147791.1183994872,,,,,MARLIM LESTE(12/01/2008),,16,,FPNT
2025-08-11T17:12:37.429Z,2025-08-05,FPSO CIDADE DE ITAJAÍ,386.11590999999993,26152.4506598388,28581.042510556803,,,,,TUPI(28/05/2013),,17,,FPCP
2025-08-11T17:12:37.429Z,2025-08-05,FPSO CIDADE DE MANGARATIBA,5658.39065,98435.69977421401,134025.84528458398,,,,,"URUGUÁ(14/07/2010), TAMBAÚ(13/11/2014)",,18,,FPCST
2025-08-11T17:12:37.429Z,2025-08-05,FPSO CIDADE DE MARICÁ,5278.87018,125583.40082258513,158786.43848074912,,,,,SAPINHOÁ(01/12/2012),,19,,FPCSP
2025-08-11T17:12:37.429Z,2025-08-05,FPSO CIDADE DE NITEROI,,,,,,,,TUPI(31/05/2016),,20,,FPCSQ
2025-08-11T17:12:37.429Z,2025-08-05,FPSO CIDADE DE PARATY,4199.105450000001,93826.14486778526,120237.67832719523,,,,,GOLFINHO(15/11/2007),,21,,CVIX
2025-08-11T17:12:37.429Z,2025-08-05,FPSO CIDADE DE SANTOS,,,,,,,,"ABALONE(12/07/2009), OSTRA(26/01/2011), ARGONAUTA(26/01/2011)",,22,,FPSO ESP SANTO
2025-08-11T17:12:37.429Z,2025-08-05,FPSO CIDADE DE SÃO PAULO,2842.3444200000004,60545.22553685761,78423.0034697736,,,,,FRADE(07/06/2009),,23,,FPSO FRADE
2025-08-11T17:12:37.429Z,2025-08-05,FPSO CIDADE DE SAQUAREMA,5849.63234,105904.9536795426,142697.9711716746,,,,,MERO(13/05/2021),,24,,FPGNB
2025-08-11T17:12:37.429Z,2025-08-05,FPSO CIDADE DE VITÓRIA,76.26404,7426.030086836208,7905.715645628208,,,,,MERO(28/07/2024),,25,,FPMDC
2025-08-11T17:12:37.429Z,2025-08-05,FPSO ESPIRITO SANTO,431.7699999999999,27765.756018000004,30481.502964000007,,,,,JUBARTE(13/01/2025),,26,,FPMQT
2025-08-11T17:12:37.429Z,2025-08-05,FPSO FRADE,330.24300000000005,33550.89454397999,35628.05696537999,,,,,MERO(31/07/2017),,27,,FPSOPL
2025-08-11T17:12:37.429Z,2025-08-05,FPSO GUANABARA,10228.61747,156219.5141512395,220555.47231404547,,,,,MERO(11/04/2023),,28,,FPSTB
2025-08-11T17:12:37.429Z,2025-08-05,FPSO Marechal  Duque de Caxias,11615.898149999999,179892.6927757439,252954.368959614,,,,,TUBARÃO MARTELO(03/11/2013),,29,,OSX3
2025-08-11T17:12:37.429Z,2025-08-05,FPSO MARIA QUITERIA,1048.442911768801,29749.244262412394,36343.7404888558,,,,,PEREGRINO(22/03/2011),,30,,PEREGRINO A
2025-08-11T17:12:37.429Z,2025-08-05,FPSO PIONEIRO DE LIBRA,3179.33987,47560.1212125468,67557.53312687279,,,,,"PEREGRINO(01/10/2021), PITANGOLA(01/10/2021)",,31,,PEREGRINO B
2025-08-11T17:12:37.429Z,2025-08-05,FPSO SEPETIBA,9304.921600000001,141029.00897530033,199555.10485498034,,,,,PEROÁ(27/01/2011),,32,,WHP-C
2025-08-11T17:12:37.429Z,2025-08-05,FPSO_OSX3,7452.7279977176595,,7596.460492455674,,,,,MARIMBÁ(21/06/1993),,33,,PPER
2025-08-11T17:12:37.429Z,2025-08-05,Peregrino A,51627.14197885889,,51977.59053342384,,,,,ALBACORA(27/09/1996),,34,,P-08
2025-08-11T17:12:37.429Z,2025-08-05,Peregrino B,5185.777851095307,,5205.102853151538,,,,,ALBACORA(17/08/1998),,35,,P-25
2025-08-11T17:12:37.429Z,2025-08-05,PEREGRINO C,102.02655182816693,40775.38069445532,41417.10730014413,,,,,MARLIM SUL(16/12/2001),,36,,P-31
2025-08-11T17:12:37.429Z,2025-08-05,PEROA,2.248,,14.1394704,,,,,BARRACUDA(21/12/2004),,37,,P-40
2025-08-11T17:12:37.429Z,2025-08-05,PETROBRAS 08,4480.5388072672495,,4935.07013500125,,,,,"CARATINGA(28/02/2005), BARRACUDA(01/01/2005)",,38,,P-43
2025-08-11T17:12:37.429Z,2025-08-05,PETROBRAS 25,,,,,,,,ALBACORA LESTE(21/04/2006),,39,,P-48
2025-08-11T17:12:37.429Z,2025-08-05,PETROBRAS 31,,,,,,,,MARLIM SUL(24/01/2009),,40,,P-50
2025-08-11T17:12:37.429Z,2025-08-05,PETROBRAS 40,701.92371,36692.62152047273,41107.58127163073,,,,,RONCADOR(23/11/2007),,41,,P-51
2025-08-11T17:12:37.429Z,2025-08-05,PETROBRAS 43,324.94799,24050.860818929996,26094.718686431996,,,,,MARLIM LESTE(30/11/2008),,42,,P-52
2025-08-11T17:12:37.429Z,2025-08-05,PETROBRAS 48,404.44239,23751.348908364,26295.210652986,,,,,RONCADOR(12/12/2007),,43,,P-53
2025-08-11T17:12:37.429Z,2025-08-05,PETROBRAS 50,1252.9974900000002,32532.883620996003,40413.98723359801,,,,,RONCADOR(01/01/2014),,44,,P-54
2025-08-11T17:12:37.429Z,2025-08-05,PETROBRAS 51,190.07967999999994,12771.559450935782,13967.12262219978,,,,,MARLIM SUL(01/08/2011),,45,,P-55
2025-08-11T17:12:37.429Z,2025-08-05,PETROBRAS 52,,,,,,,,JUBARTE(15/12/2010),,46,,P-56
2025-08-11T17:12:37.429Z,2025-08-05,PETROBRAS 53,773.0510999999999,48527.49841051582,53389.83521929581,,,,,"BALEIA FRANCA(15/02/2014), JUBARTE(02/03/2014), BALEIA AZUL(17/03/2014)",,47,,P-57
2025-08-11T17:12:37.429Z,2025-08-05,PETROBRAS 54,204.84219,22570.436467603195,23858.852874265198,,,,,PAPA-TERRA(31/12/2013),,48,,P-58
2025-08-11T17:12:37.429Z,2025-08-05,PETROBRAS 55,638.28351,23944.162977509346,27958.838598707353,,,,,RONCADOR(30/04/2014),,49,,P-61
2025-08-11T17:12:37.429Z,2025-08-05,PETROBRAS 56,480.77675,19526.84920725,22550.838809399997,,,,,PAPA-TERRA(16/11/2013),,50,,P-62
2025-08-11T17:12:37.429Z,2025-08-05,PETROBRAS 57,310.7318,35133.231920886,37087.67279652601,,,,,TUPI(08/02/2016),,51,,P-63
2025-08-11T17:12:37.429Z,2025-08-05,PETROBRAS 58,2330.4756549970466,69844.06079596229,84502.2865707627,,,,,TUPI(25/03/2018),,52,,P-66
2025-08-11T17:12:37.429Z,2025-08-05,PETROBRAS 61,6783.67024493254,,7106.915802516211,,,,,BERBIGÃO(19/09/2018),,53,,P-67
2025-08-11T17:12:37.429Z,2025-08-05,PETROBRAS 62,3136.0550000000003,26321.121169596005,46046.279908595985,,,,,TUPI(15/06/2018),,54,,P-68
2025-08-11T17:12:37.429Z,2025-08-05,PETROBRAS 63,3215.485212787461,,3328.7222131437898,,,,,ATAPU(21/07/2020),,55,,P-69
2025-08-11T17:12:37.429Z,2025-08-05,Petrobras 66 (P-66),5691.4560299999985,102433.61894692121,138231.73908441525,,,,,ITAPU(30/11/2022),,56,,P-70
2025-08-11T17:12:37.429Z,2025-08-05,Petrobras 67 (P-67),6037.845839999999,143647.5321059421,181624.37487037407,,,,,BÚZIOS(01/12/2017),,57,,P-71
2025-08-11T17:12:37.429Z,2025-08-05,Petrobras 68,2152.0434400000004,73308.0395476012,86843.9623765132,,,,,BÚZIOS(06/09/2018),,58,,P-74
2025-08-11T17:12:37.429Z,2025-08-05,Petrobras 69,3770.1505899999993,90686.10842882813,114399.60160981012,,,,,BÚZIOS(20/11/2018),,59,,P-75
2025-08-11T17:12:37.429Z,2025-08-05,Petrobras 70,5383.4463399999995,153192.55545166638,187053.3562409984,,,,,BÚZIOS(16/02/2019),,60,,P-76
2025-08-11T17:12:37.429Z,2025-08-05,PETROBRAS 71,2751.1576400000004,159365.4986808607,176669.73000493267,,,,,CARAPEBA(31/12/1988),,61,,P-77
2025-08-11T17:12:37.429Z,2025-08-05,Petrobras 74 (P-74),3635.7902000000004,89691.30966568555,112559.70286564555,,,,,CARAPEBA(12/01/1994),,62,,PCP-I
2025-08-11T17:12:37.429Z,2025-08-05,Petrobras 75 (P-75),6293.065810000001,114105.16105137773,153687.28638311574,,,,,"CONGRO(19/08/1983), CORVINA(19/08/1983), MALHADO(19/08/1983), ANEQUIM(07/05/1984), BAGRE(07/05/1984), CHERNE(07/05/1984), PARATI(07/05/1984)",,63,,PCP-II
2025-08-11T17:12:37.429Z,2025-08-05,Petrobras 76,4300.585779999999,98332.02596696504,125381.85040600902,,,,,CHERNE(13/12/1983),,64,,PCP-III
2025-08-11T17:12:37.429Z,2025-08-05,Petrobras 77,4536.51474,108481.5056557496,137015.2760674016,,,,,"ENCHOVA(20/12/2010), ENCHOVA OESTE(20/12/2010)",,65,,PCH-I
2025-08-11T17:12:37.429Z,2025-08-05,PLATAFORMA DE CARAPEBA-I,262.5261564476009,,268.28489051470115,,,,,"GAROUPA(02/01/1979), GAROUPINHA(02/01/1979), VIOLA(02/01/1979)",,66,,PCH-II
2025-08-11T17:12:37.429Z,2025-08-05,PLATAFORMA DE CARAPEBA-II,1992.4850112167783,,2029.4022729593808,,,,,MANATI(14/01/2007),,67,,PCE-1
2025-08-11T17:12:37.429Z,2025-08-05,PLATAFORMA DE CARAPEBA-III,4664.606199259359,,4732.949883164052,,,,,MEXILHÃO(19/04/2011),,68,,PGP-1
2025-08-11T17:12:37.429Z,2025-08-05,PLATAFORMA DE CHERNE-1,,,,,,,,NAMORADO(01/09/1984),,69,,PMNT
2025-08-11T17:12:37.429Z,2025-08-05,PLATAFORMA DE CHERNE-2,,,,,,,,PAMPO(01/01/1984),,70,,PMXL-1
2025-08-11T17:12:37.429Z,2025-08-05,PLATAFORMA DE ENCHOVA,202.43177999999986,9129.087092950347,10402.342502794345,,,,,PARGO(12/01/1988),,71,,PNA-2
2025-08-11T17:12:37.429Z,2025-08-05,PLATAFORMA DE GAROUPA,,,,,,,,VERMELHO(05/01/1989),,72,,PPM-1
2025-08-11T17:12:37.429Z,2025-08-05,PLATAFORMA DE MANATI 1,2049.7808700000005,373.8091037999999,13266.520819926,,,,,VERMELHO(01/01/1989),,73,,PPG-1A
2025-08-11T17:12:37.429Z,2025-08-05,Plataforma de Mexilhão,3378.1207099999997,2082.3577962,23330.061437957997,,,,,VERMELHO(06/01/1989),,74,,PVM-1
2025-08-11T17:12:37.429Z,2025-08-05,PLATAFORMA DE NAMORADO-2,,,,,,,,POLVO(30/07/2007),,75,,PVM-2
2025-08-11T17:12:37.429Z,2025-08-05,PLATAFORMA DE PAMPO-1,5527.78928233963,,6021.853764217631,,,,,,,76,,PVM-3
2025-08-11T17:12:37.429Z,2025-08-05,PLATAFORMA DE PARGO-1A,3481.580435309696,,3531.2468740475465,,,,,,,77,,POLVO A
2025-08-11T17:12:37.429Z,2025-08-05,PLATAFORMA DE VERMELHO-I,6627.403733689041,,6783.910092740279,,,,,,,78,,
2025-08-11T17:12:37.429Z,2025-08-05,PLATAFORMA DE VERMELHO-II,,,,,,,,,,79,,
2025-08-11T17:12:37.429Z,2025-08-05,PLATAFORMA DE VERMELHO-III,1538.6796201055176,,1676.0180929480348,,,,,,,80,,
2025-08-11T17:12:37.429Z,2025-08-05,Polo Arara,158,5809.872598573232,41622.31482661034,,,,,,,81,,
2025-08-11T17:12:37.429Z,2025-08-05,Polvo A,6390.618618282344,,6538.122103964328,,,,,,,82,,
2025-08-11T17:12:37.429Z,2025-08-05,Ponto de Coleta Área do IMT-03,337.21393854728024,557.5859993752243,2678.5942300499073,,,,,,,83,,
2025-08-11T17:12:37.429Z,2025-08-05,Ponto de Coleta Área do LUC-04,1647.447199140449,1144.0448876729772,11506.158280826572,,,,,,,84,,
2025-08-11T17:12:37.429Z,2025-08-05,Ponto de Coleta Área do LUC-05,807.5002893969152,578.7524960977112,5657.767816346427,,,,,,,85,,
2025-08-11T17:12:37.429Z,2025-08-05,Ponto de Coleta Área do LUC-09,1352.6506501868535,977.8921485788914,9485.794208124162,,,,,,,86,,
2025-08-11T17:12:37.429Z,2025-08-05,Ponto de Coleta Área do LUC-12,1709.3584267502476,1290.7716141126912,12042.294246686399,,,,,,,87,,
2025-08-11T17:12:37.429Z,2025-08-05,Ponto de Coleta Área do LUC-43,582.666587405023,455.3820580580736,4120.238359518187,,,,,,,88,,
2025-08-11T17:12:37.429Z,2025-08-05,Unidade de Tratamento de Gás de Cacimbas - UTGC,,,,,,,,,,89,,
2025-08-11T17:12:37.429Z,2025-08-05,UTP Azulão,626.9396099999999,,3943.324758977999,,,,,,,90,,
2025-08-11T17:12:37.429Z,2025-08-04,,32704.416322616282,778.2578225838649,37599.502375104275,,,,,,,,,
2025-08-11T17:12:37.429Z,2025-08-04,Estação Coletora de Gavião Real,1583.160613037493,,9957.763623883224,Eneva,Estação / Pto de Coleta de Gás Nat.,MA,Santo Antônio dos Lopes,"MERO(27/07/2025), AnC_MERO(27/07/2025)",GAVIÃO REAL,28,,FPADG
2025-08-11T17:12:37.429Z,2025-08-04,Estação Coletora de Pilar,614.1244499999998,,3862.7199656099983,Origem Alagoas,Estação / Ponto de Coleta de Petróleo,AL,Pilar,BÚZIOS(13/01/2023),,33,,FPBAR
2025-08-11T17:12:37.429Z,2025-08-04,Estação de Produção e Escoamento de Gavião Branco,3146.1652770906617,,19788.750359844842,Petrobras,FPSO,AM,Lima Campos,"BÚZIOS(01/07/2024), TAMBUATÁ(31/12/2024), BÚZIOS_ECO(31/12/2024)",GAVIÃO BRANCO,13,,FPTAM
2025-08-11T17:12:37.429Z,2025-08-04,Estação Produtora de Gavião Preto,2808.1541698718465,,17662.72809765994,Enauta Energia,FIXA,ES,Bernardo do Mearim,MARLIM(23/06/2023),GAVIÃO PRETO,12,,FPAGA
2025-08-11T17:12:37.429Z,2025-08-04,FPSO ALEXANDRE DE GUSMÃO,2887.7219999999998,44075.712201521295,62238.9060371213,TotalEnergies EP,SEMI SUBMERSÍVEL,,Coari,MARLIM(29/10/2022),CACIMBAS,50,,FPANE
2025-08-11T17:12:37.429Z,2025-08-04,FPSO Almirante Barroso,5855.9149800000005,151157.84325765225,187990.37729885624,Karoon Brasil,FPU,,Linhares,ATLANTA(29/10/2024),AZULÃO,,,FPSOATLANTA
2025-08-11T17:12:37.429Z,2025-08-04,FPSO Almirante Tamandaré,7918.38158,186632.2721358025,236437.30859768647,BW Maromba,TLWP,,Silves,SÉPIA(02/01/2021),,57,,FPCRC
2025-08-11T17:12:37.429Z,2025-08-04,FPSO ANITA GARIBALDI,727.44658,31472.814528817198,36048.30802770119,Shell Brasil,,,,"JUBARTE(31/08/2012), BALEIA AZUL(31/08/2012), PIRAMBU(31/08/2012)",,71,,FCDA
2025-08-11T17:12:37.429Z,2025-08-04,FPSO ANNA NERY,682.4753000000001,39645.09917414639,43937.73231608639,Petro Rio Jaguar,,,,TUPI(26/04/2009),,67,,FPCAR
2025-08-11T17:12:37.429Z,2025-08-04,FPSO ATLANTA,332.5077,41023.935833509204,43115.3427649692,Prio Bravo,,,,TARTARUGA VERDE(31/12/2017),,15,,FPCGZ
2025-08-11T17:12:37.429Z,2025-08-04,FPSO Carioca (MV-30),6034.549679999998,158632.73724401335,196588.84782127733,Equinor Brasil,,,,LAPA(30/08/2016),,10,,FPCCG
2025-08-11T17:12:37.429Z,2025-08-04,FPSO CIDADE DE ANCHIETA,856.0699999999999,18591.1891449834,23975.6982309834,3R Petroleum Off,,,,SAPINHOÁ(10/11/2014),,11,,FPCIB
2025-08-11T17:12:37.429Z,2025-08-04,FPSO CIDADE DE ANGRA DOS REIS,,,,Trident Energy,,,,TUPI(31/07/2015),,12,,FPCIG
2025-08-11T17:12:37.429Z,2025-08-04,FPSO Cidade de Campos dos Goytacazes,712.0673299999999,68611.282624269,73090.043716503,Perenco Brasil,,,,"BAÚNA(25/01/2013), PIRACABA(25/01/2013)",,13,,FPCI
2025-08-11T17:12:37.429Z,2025-08-04,FPSO CIDADE DE CARAGUATATUBA,1533.6194500000001,41790.961495760384,51437.12111237039,,,,,TUPI(14/10/2014),,14,,FPCMB
2025-08-11T17:12:37.429Z,2025-08-04,FPSO CIDADE DE ILHA BELA,3076.9670000000006,63379.662191339994,82733.16922794002,,,,,TUPI(28/01/2016),,15,,FPCMC
2025-08-11T17:12:37.429Z,2025-08-04,FPSO CIDADE DE ITAGUAÍ,6656.33212,105456.08149243201,147323.07926080804,,,,,MARLIM LESTE(12/01/2008),,16,,FPNT
2025-08-11T17:12:37.429Z,2025-08-04,FPSO CIDADE DE ITAJAÍ,382.43440999999996,25961.784316934398,28367.220268952395,,,,,TUPI(28/05/2013),,17,,FPCP
2025-08-11T17:12:37.429Z,2025-08-04,FPSO CIDADE DE MANGARATIBA,5629.571940000001,99324.07365471359,134732.95524292561,,,,,"URUGUÁ(14/07/2010), TAMBAÚ(13/11/2014)",,18,,FPCST
2025-08-11T17:12:37.429Z,2025-08-04,FPSO CIDADE DE MARICÁ,5246.581839999999,125380.01717079958,158379.96762803156,,,,,SAPINHOÁ(01/12/2012),,19,,FPCSP
2025-08-11T17:12:37.429Z,2025-08-04,FPSO CIDADE DE NITEROI,,,,,,,,TUPI(31/05/2016),,20,,FPCSQ
2025-08-11T17:12:37.429Z,2025-08-04,FPSO CIDADE DE PARATY,4201.97181,93548.1330718433,119977.69536238129,,,,,GOLFINHO(15/11/2007),,21,,CVIX
2025-08-11T17:12:37.429Z,2025-08-04,FPSO CIDADE DE SANTOS,,,,,,,,"ABALONE(12/07/2009), OSTRA(26/01/2011), ARGONAUTA(26/01/2011)",,22,,FPSO ESP SANTO
2025-08-11T17:12:37.429Z,2025-08-04,FPSO CIDADE DE SÃO PAULO,2830.106010000001,60288.9994700994,78089.80025179741,,,,,FRADE(07/06/2009),,23,,FPSO FRADE
2025-08-11T17:12:37.429Z,2025-08-04,FPSO CIDADE DE SAQUAREMA,5731.794069999999,106157.37632939998,142209.21467088602,,,,,MERO(13/05/2021),,24,,FPGNB
2025-08-11T17:12:37.429Z,2025-08-04,FPSO CIDADE DE VITÓRIA,8181.165817769999,,8682.640124333999,,,,,MERO(28/07/2024),,25,,FPMDC
2025-08-11T17:12:37.429Z,2025-08-04,FPSO ESPIRITO SANTO,374.536,31116.508592399998,33472.26512519999,,,,,JUBARTE(13/01/2025),,26,,FPMQT
2025-08-11T17:12:37.429Z,2025-08-04,FPSO FRADE,331.91100000000006,33594.76558448999,35682.419392289994,,,,,MERO(31/07/2017),,27,,FPSOPL
2025-08-11T17:12:37.429Z,2025-08-04,FPSO GUANABARA,11239.871679999997,172195.53839206693,242892.08328493085,,,,,MERO(11/04/2023),,28,,FPSTB
2025-08-11T17:12:37.429Z,2025-08-04,FPSO Marechal  Duque de Caxias,11608.651830000004,179830.7935356018,252846.89181593576,,,,,TUBARÃO MARTELO(03/11/2013),,29,,OSX3
2025-08-11T17:12:37.429Z,2025-08-04,FPSO MARIA QUITERIA,1049.7723657767606,29849.506044372818,36452.36427063549,,,,,PEREGRINO(22/03/2011),,30,,PEREGRINO A
2025-08-11T17:12:37.429Z,2025-08-04,FPSO PIONEIRO DE LIBRA,3179.8041100000005,47582.0216168484,67582.3535079264,,,,,"PEREGRINO(01/10/2021), PITANGOLA(01/10/2021)",,31,,PEREGRINO B
2025-08-11T17:12:37.429Z,2025-08-04,FPSO SEPETIBA,6059.6784,89730.96721265065,127845.13241297062,,,,,PEROÁ(27/01/2011),,32,,WHP-C
2025-08-11T17:12:37.429Z,2025-08-04,FPSO_OSX3,7288.633346949162,,7434.23797210615,,,,,MARIMBÁ(21/06/1993),,33,,PPER
2025-08-11T17:12:37.429Z,2025-08-04,Peregrino A,50937.927712304045,,51277.9575581565,,,,,ALBACORA(27/09/1996),,34,,P-08
2025-08-11T17:12:37.429Z,2025-08-04,Peregrino B,5116.548528278589,,5135.299005016711,,,,,ALBACORA(17/08/1998),,35,,P-25
2025-08-11T17:12:37.429Z,2025-08-04,PEREGRINO C,40231.03574291159,,40853.68404883102,,,,,MARLIM SUL(16/12/2001),,36,,P-31
2025-08-11T17:12:37.429Z,2025-08-04,PEROA,2.248,,14.1394704,,,,,BARRACUDA(21/12/2004),,37,,P-40
2025-08-11T17:12:37.429Z,2025-08-04,PETROBRAS 08,96.63199,7656.493424850374,8264.289315552374,,,,,"CARATINGA(28/02/2005), BARRACUDA(01/01/2005)",,38,,P-43
2025-08-11T17:12:37.429Z,2025-08-04,PETROBRAS 25,,,,,,,,ALBACORA LESTE(21/04/2006),,39,,P-48
2025-08-11T17:12:37.429Z,2025-08-04,PETROBRAS 31,,,,,,,,MARLIM SUL(24/01/2009),,40,,P-50
2025-08-11T17:12:37.429Z,2025-08-04,PETROBRAS 40,702.1209200000001,36714.94383001631,41131.14399263232,,,,,RONCADOR(23/11/2007),,41,,P-51
2025-08-11T17:12:37.429Z,2025-08-04,PETROBRAS 43,300.2334,24426.322001598,26314.730040917995,,,,,MARLIM LESTE(30/11/2008),,42,,P-52
2025-08-11T17:12:37.429Z,2025-08-04,PETROBRAS 48,423.44043,24690.385568320267,27353.741184934275,,,,,RONCADOR(12/12/2007),,43,,P-53
2025-08-11T17:12:37.429Z,2025-08-04,PETROBRAS 50,1268.38669,34592.824695792,42570.723298554,,,,,RONCADOR(01/01/2014),,44,,P-54
2025-08-11T17:12:37.429Z,2025-08-04,PETROBRAS 51,204.46152000000004,14594.566237283998,15880.588305779997,,,,,MARLIM SUL(01/08/2011),,45,,P-55
2025-08-11T17:12:37.429Z,2025-08-04,PETROBRAS 52,,,,,,,,JUBARTE(15/12/2010),,46,,P-56
2025-08-11T17:12:37.429Z,2025-08-04,PETROBRAS 53,762.4654,47611.71464366152,52407.46951658152,,,,,"BALEIA FRANCA(15/02/2014), JUBARTE(02/03/2014), BALEIA AZUL(17/03/2014)",,47,,P-57
2025-08-11T17:12:37.429Z,2025-08-04,PETROBRAS 54,203.90191000000004,22701.943046210996,23984.445279728996,,,,,PAPA-TERRA(31/12/2013),,48,,P-58
2025-08-11T17:12:37.429Z,2025-08-04,PETROBRAS 55,639.0331599999998,25241.300319114,29260.691088882,,,,,RONCADOR(30/04/2014),,49,,P-61
2025-08-11T17:12:37.429Z,2025-08-04,PETROBRAS 56,475.9266500000001,19726.877015044214,22720.360458214218,,,,,PAPA-TERRA(16/11/2013),,50,,P-62
2025-08-11T17:12:37.429Z,2025-08-04,PETROBRAS 57,311.82889999999986,35178.658240241995,37139.99965546199,,,,,TUPI(08/02/2016),,51,,P-63
2025-08-11T17:12:37.429Z,2025-08-04,PETROBRAS 58,2355.688961639375,70599.74472211518,85416.55715303452,,,,,TUPI(25/03/2018),,52,,P-66
2025-08-11T17:12:37.429Z,2025-08-04,PETROBRAS 61,7904.398499986072,,8275.965833828293,,,,,BERBIGÃO(19/09/2018),,53,,P-67
2025-08-11T17:12:37.429Z,2025-08-04,PETROBRAS 62,3115.5919999999996,22654.762344390005,42251.21290599,,,,,TUPI(15/06/2018),,54,,P-68
2025-08-11T17:12:37.429Z,2025-08-04,PETROBRAS 63,3746.714621287927,,3876.8793500137067,,,,,ATAPU(21/07/2020),,55,,P-69
2025-08-11T17:12:37.429Z,2025-08-04,Petrobras 66 (P-66),5373.944880000002,98237.34052899177,132038.37903521588,,,,,ITAPU(30/11/2022),,56,,P-70
2025-08-11T17:12:37.429Z,2025-08-04,Petrobras 67 (P-67),6095.916179999997,145084.26679914322,183426.36038810722,,,,,BÚZIOS(01/12/2017),,57,,P-71
2025-08-11T17:12:37.429Z,2025-08-04,Petrobras 68,1715.6741299999999,65343.05831498663,76134.30545786064,,,,,BÚZIOS(06/09/2018),,58,,P-74
2025-08-11T17:12:37.429Z,2025-08-04,Petrobras 69,1507.0379000000005,38901.129653102944,48380.09663652294,,,,,BÚZIOS(20/11/2018),,59,,P-75
2025-08-11T17:12:37.429Z,2025-08-04,Petrobras 70,5380.251579999998,153179.99023866552,187020.6966265495,,,,,BÚZIOS(16/02/2019),,60,,P-76
2025-08-11T17:12:37.429Z,2025-08-04,PETROBRAS 71,2737.8111,159446.17802859924,176666.4622853793,,,,,CARAPEBA(31/12/1988),,61,,P-77
2025-08-11T17:12:37.429Z,2025-08-04,Petrobras 74 (P-74),5607.993540000003,128150.68190200938,163423.8396699014,,,,,CARAPEBA(12/01/1994),,62,,PCP-I
2025-08-11T17:12:37.429Z,2025-08-04,Petrobras 75 (P-75),6453.4277600000005,118456.33620680691,159047.10613165487,,,,,"CONGRO(19/08/1983), CORVINA(19/08/1983), MALHADO(19/08/1983), ANEQUIM(07/05/1984), BAGRE(07/05/1984), CHERNE(07/05/1984), PARATI(07/05/1984)",,63,,PCP-II
2025-08-11T17:12:37.429Z,2025-08-04,Petrobras 76,1265.4149200000002,29238.55676862924,37197.76353244524,,,,,CHERNE(13/12/1983),,64,,PCP-III
2025-08-11T17:12:37.429Z,2025-08-04,Petrobras 77,6873.988179999999,161587.16531531722,204823.1761698812,,,,,"ENCHOVA(20/12/2010), ENCHOVA OESTE(20/12/2010)",,65,,PCH-I
2025-08-11T17:12:37.429Z,2025-08-04,PLATAFORMA DE CARAPEBA-I,260.69340558726253,,266.72892050576803,,,,,"GAROUPA(02/01/1979), GAROUPINHA(02/01/1979), VIOLA(02/01/1979)",,66,,PCH-II
2025-08-11T17:12:37.429Z,2025-08-04,PLATAFORMA DE CARAPEBA-II,380.81818274076164,,391.3450137396063,,,,,MANATI(14/01/2007),,67,,PCE-1
2025-08-11T17:12:37.429Z,2025-08-04,PLATAFORMA DE CARAPEBA-III,4632.041592591153,,4703.67006492311,,,,,MEXILHÃO(19/04/2011),,68,,PGP-1
2025-08-11T17:12:37.429Z,2025-08-04,PLATAFORMA DE CHERNE-1,,,,,,,,NAMORADO(01/09/1984),,69,,PMNT
2025-08-11T17:12:37.429Z,2025-08-04,PLATAFORMA DE CHERNE-2,,,,,,,,PAMPO(01/01/1984),,70,,PMXL-1
2025-08-11T17:12:37.429Z,2025-08-04,PLATAFORMA DE ENCHOVA,179.70760999999987,9162.734289370426,10293.059214748426,,,,,PARGO(12/01/1988),,71,,PNA-2
2025-08-11T17:12:37.429Z,2025-08-04,PLATAFORMA DE GAROUPA,,,,,,,,VERMELHO(05/01/1989),,72,,PPM-1
2025-08-11T17:12:37.429Z,2025-08-04,PLATAFORMA DE MANATI 1,2049.40952,,12890.375998896001,,,,,VERMELHO(01/01/1989),,73,,PPG-1A
2025-08-11T17:12:37.429Z,2025-08-04,Plataforma de Mexilhão,3398.306,2087.9557182,23462.620797,,,,,VERMELHO(06/01/1989),,74,,PVM-1
2025-08-11T17:12:37.429Z,2025-08-04,PLATAFORMA DE NAMORADO-2,,,,,,,,POLVO(30/07/2007),,75,,PVM-2
2025-08-11T17:12:37.429Z,2025-08-04,PLATAFORMA DE PAMPO-1,135.96362999999997,8020.20436515355,8875.38840512755,,,,,,,76,,PVM-3
2025-08-11T17:12:37.429Z,2025-08-04,PLATAFORMA DE PARGO-1A,3457.2747827816047,,3509.3283293525224,,,,,,,77,,POLVO A
2025-08-11T17:12:37.429Z,2025-08-04,PLATAFORMA DE VERMELHO-I,6034.920849250204,,6182.638208425599,,,,,,,78,,
2025-08-11T17:12:37.429Z,2025-08-04,PLATAFORMA DE VERMELHO-II,,,,,,,,,,79,,
2025-08-11T17:12:37.429Z,2025-08-04,PLATAFORMA DE VERMELHO-III,1527.9377708525028,,1671.8771144768823,,,,,,,80,,
2025-08-11T17:12:37.429Z,2025-08-04,Polo Arara,158,5693.39333802723,40947.34807373217,,,,,,,81,,
2025-08-11T17:12:37.429Z,2025-08-04,Polvo A,6249.90956105084,,6399.334294693855,,,,,,,82,,
2025-08-11T17:12:37.429Z,2025-08-04,Ponto de Coleta Área do IMT-03,340.2356240293317,575.0793050631921,2715.093333082883,,,,,,,83,,
2025-08-11T17:12:37.429Z,2025-08-04,Ponto de Coleta Área do LUC-04,1667.9700370416017,1176.058947040504,11667.25688602477,,,,,,,84,,
2025-08-11T17:12:37.429Z,2025-08-04,Ponto de Coleta Área do LUC-05,814.7360872756581,596.9098643660247,5721.436906112458,,,,,,,85,,
2025-08-11T17:12:37.429Z,2025-08-04,Ponto de Coleta Área do LUC-09,1302.0911163934745,965.5344514509994,9155.427155342675,,,,,,,86,,
2025-08-11T17:12:37.429Z,2025-08-04,Ponto de Coleta Área do LUC-12,1716.73966766523,1324.4063297269731,12122.355491407736,,,,,,,87,,
2025-08-11T17:12:37.429Z,2025-08-04,Ponto de Coleta Área do LUC-43,587.887709567479,469.6688901438,4167.365005781329,,,,,,,88,,
2025-08-11T17:12:37.429Z,2025-08-04,Unidade de Tratamento de Gás de Cacimbas - UTGC,,,,,,,,,,89,,
2025-08-11T17:12:37.429Z,2025-08-04,UTP Azulão,621.17889,,3907.090982322,,,,,,,90,,
2025-08-11T17:12:37.429Z,2025-08-03,,30599.364847548808,802.0032927440817,35643.805158250536,,,,,,,,,
2025-08-11T17:12:37.429Z,2025-08-03,Estação Coletora de Gavião Real,1590.8568359901633,,10006.171327010929,Eneva,Estação / Pto de Coleta de Gás Nat.,MA,Santo Antônio dos Lopes,"MERO(27/07/2025), AnC_MERO(27/07/2025)",GAVIÃO REAL,28,,FPADG
2025-08-11T17:12:37.429Z,2025-08-03,Estação Coletora de Pilar,610.4436399999998,,3839.568406871999,Origem Alagoas,Estação / Ponto de Coleta de Petróleo,AL,Pilar,BÚZIOS(13/01/2023),,33,,FPBAR
2025-08-11T17:12:37.429Z,2025-08-03,Estação de Produção e Escoamento de Gavião Branco,2946.3474902004655,,18531.936443862887,Petrobras,FPSO,AM,Lima Campos,"BÚZIOS(01/07/2024), TAMBUATÁ(31/12/2024), BÚZIOS_ECO(31/12/2024)",GAVIÃO BRANCO,13,,FPTAM
2025-08-11T17:12:37.429Z,2025-08-03,Estação Produtora de Gavião Preto,2996.355343809372,,18846.475841492185,Enauta Energia,FIXA,ES,Bernardo do Mearim,MARLIM(23/06/2023),GAVIÃO PRETO,12,,FPAGA
2025-08-11T17:12:37.429Z,2025-08-03,FPSO ALEXANDRE DE GUSMÃO,2891.1433,44117.69180354118,62302.40493188118,TotalEnergies EP,SEMI SUBMERSÍVEL,,Coari,MARLIM(29/10/2022),CACIMBAS,50,,FPANE
2025-08-11T17:12:37.429Z,2025-08-03,FPSO Almirante Barroso,5820.79086,150975.52447770268,187587.13482893066,Karoon Brasil,FPU,,Linhares,ATLANTA(29/10/2024),AZULÃO,,,FPSOATLANTA
2025-08-11T17:12:37.429Z,2025-08-03,FPSO Almirante Tamandaré,8078.724150000002,197387.88635426128,248201.44551293133,BW Maromba,TLWP,,Silves,SÉPIA(02/01/2021),,57,,FPCRC
2025-08-11T17:12:37.429Z,2025-08-03,FPSO ANITA GARIBALDI,732.0343799999999,31546.393401732,36150.743245056,Shell Brasil,,,,"JUBARTE(31/08/2012), BALEIA AZUL(31/08/2012), PIRAMBU(31/08/2012)",,71,,FCDA
2025-08-11T17:12:37.429Z,2025-08-03,FPSO ANNA NERY,681.5381,39306.25253501495,43592.99087639495,Petro Rio Jaguar,,,,TUPI(26/04/2009),,67,,FPCAR
2025-08-11T17:12:37.429Z,2025-08-03,FPSO ATLANTA,289.315,35845.980999417596,37665.71448641761,Prio Bravo,,,,TARTARUGA VERDE(31/12/2017),,15,,FPCGZ
2025-08-11T17:12:37.429Z,2025-08-03,FPSO Carioca (MV-30),6052.973229999999,158636.6545257925,196708.64554784642,Equinor Brasil,,,,LAPA(30/08/2016),,10,,FPCCG
2025-08-11T17:12:37.429Z,2025-08-03,FPSO CIDADE DE ANCHIETA,855.004,18589.566433191594,23967.37059239159,3R Petroleum Off,,,,SAPINHOÁ(10/11/2014),,11,,FPCIB
2025-08-11T17:12:37.429Z,2025-08-03,FPSO CIDADE DE ANGRA DOS REIS,,,,Trident Energy,,,,TUPI(31/07/2015),,12,,FPCIG
2025-08-11T17:12:37.429Z,2025-08-03,FPSO Cidade de Campos dos Goytacazes,708.2810999999998,68540.32076730959,72995.26723008958,Perenco Brasil,,,,"BAÚNA(25/01/2013), PIRACABA(25/01/2013)",,13,,FPCI
2025-08-11T17:12:37.429Z,2025-08-03,FPSO CIDADE DE CARAGUATATUBA,1605.3633200000002,41472.7547271444,51570.16893728039,,,,,TUPI(14/10/2014),,14,,FPCMB
2025-08-11T17:12:37.429Z,2025-08-03,FPSO CIDADE DE ILHA BELA,3102.2379999999994,63535.139757539975,83047.59632993997,,,,,TUPI(28/01/2016),,15,,FPCMC
2025-08-11T17:12:37.429Z,2025-08-03,FPSO CIDADE DE ITAGUAÍ,6652.501830000001,105657.91893526321,147500.8249455972,,,,,MARLIM LESTE(12/01/2008),,16,,FPNT
2025-08-11T17:12:37.429Z,2025-08-03,FPSO CIDADE DE ITAJAÍ,188.1667,16068.910232661,17252.441142321,,,,,TUPI(28/05/2013),,17,,FPCP
2025-08-11T17:12:37.429Z,2025-08-03,FPSO CIDADE DE MANGARATIBA,5616.960049999998,95998.79192732398,131328.34724981396,,,,,"URUGUÁ(14/07/2010), TAMBAÚ(13/11/2014)",,18,,FPCST
2025-08-11T17:12:37.429Z,2025-08-03,FPSO CIDADE DE MARICÁ,5238.8297999999995,125720.31534607377,158671.50702211374,,,,,SAPINHOÁ(01/12/2012),,19,,FPCSP
2025-08-11T17:12:37.429Z,2025-08-03,FPSO CIDADE DE NITEROI,,,,,,,,TUPI(31/05/2016),,20,,FPCSQ
2025-08-11T17:12:37.429Z,2025-08-03,FPSO CIDADE DE PARATY,4207.207039999999,93908.03029852397,120370.52113871595,,,,,GOLFINHO(15/11/2007),,21,,CVIX
2025-08-11T17:12:37.429Z,2025-08-03,FPSO CIDADE DE SANTOS,,,,,,,,"ABALONE(12/07/2009), OSTRA(26/01/2011), ARGONAUTA(26/01/2011)",,22,,FPSO ESP SANTO
2025-08-11T17:12:37.429Z,2025-08-03,FPSO CIDADE DE SÃO PAULO,2858.8661599999996,60304.55997614397,78286.25634931198,,,,,FRADE(07/06/2009),,23,,FPSO FRADE
2025-08-11T17:12:37.429Z,2025-08-03,FPSO CIDADE DE SAQUAREMA,5725.103190000001,106687.69550780878,142697.44955227076,,,,,MERO(13/05/2021),,24,,FPGNB
2025-08-11T17:12:37.429Z,2025-08-03,FPSO CIDADE DE VITÓRIA,7552.189004541199,,8063.563519203198,,,,,MERO(28/07/2024),,25,,FPMDC
2025-08-11T17:12:37.429Z,2025-08-03,FPSO ESPIRITO SANTO,431.135,31134.793041000004,33846.545964000004,,,,,JUBARTE(13/01/2025),,26,,FPMQT
2025-08-11T17:12:37.429Z,2025-08-03,FPSO FRADE,322.456,32269.352700023992,34297.536448823994,,,,,MERO(31/07/2017),,27,,FPSOPL
2025-08-11T17:12:37.429Z,2025-08-03,FPSO GUANABARA,12028.76683,183156.34712017357,258814.88472750754,,,,,MERO(11/04/2023),,28,,FPSTB
2025-08-11T17:12:37.429Z,2025-08-03,FPSO Marechal  Duque de Caxias,11619.853959999997,180089.60038035605,253176.15781796403,,,,,TUBARÃO MARTELO(03/11/2013),,29,,OSX3
2025-08-11T17:12:37.429Z,2025-08-03,FPSO MARIA QUITERIA,1051.6579732713642,29893.674183122654,36508.39250340488,,,,,PEREGRINO(22/03/2011),,30,,PEREGRINO A
2025-08-11T17:12:37.429Z,2025-08-03,FPSO PIONEIRO DE LIBRA,3178.0633300000004,47633.9388840084,67623.32161704241,,,,,"PEREGRINO(01/10/2021), PITANGOLA(01/10/2021)",,31,,PEREGRINO B
2025-08-11T17:12:37.429Z,2025-08-03,FPSO SEPETIBA,4658.066500000001,69947.13872963918,99245.44540133918,,,,,PEROÁ(27/01/2011),,32,,WHP-C
2025-08-11T17:12:37.429Z,2025-08-03,FPSO_OSX3,7227.546522767081,,7372.02184756522,,,,,MARIMBÁ(21/06/1993),,33,,PPER
2025-08-11T17:12:37.429Z,2025-08-03,Peregrino A,51816.259831486284,,52155.15852504185,,,,,ALBACORA(27/09/1996),,34,,P-08
2025-08-11T17:12:37.429Z,2025-08-03,Peregrino B,5204.774121929039,,5223.462222834306,,,,,ALBACORA(17/08/1998),,35,,P-25
2025-08-11T17:12:37.429Z,2025-08-03,PEREGRINO C,40924.7469413833,,41545.32392894646,,,,,MARLIM SUL(16/12/2001),,36,,P-31
2025-08-11T17:12:37.429Z,2025-08-03,PEROA,2.248,,14.1394704,,,,,BARRACUDA(21/12/2004),,37,,P-40
2025-08-11T17:12:37.429Z,2025-08-03,PETROBRAS 08,109.43505999999995,18113.411725962298,18801.7363663503,,,,,"CARATINGA(28/02/2005), BARRACUDA(01/01/2005)",,38,,P-43
2025-08-11T17:12:37.429Z,2025-08-03,PETROBRAS 25,,,,,,,,ALBACORA LESTE(21/04/2006),,39,,P-48
2025-08-11T17:12:37.429Z,2025-08-03,PETROBRAS 31,,,,,,,,MARLIM SUL(24/01/2009),,40,,P-50
2025-08-11T17:12:37.429Z,2025-08-03,PETROBRAS 40,2001.9352099999996,36665.73963682601,49257.51172068401,,,,,RONCADOR(23/11/2007),,41,,P-51
2025-08-11T17:12:37.429Z,2025-08-03,PETROBRAS 43,313.29590999999994,24445.20733743528,26415.775952153286,,,,,MARLIM LESTE(30/11/2008),,42,,P-52
2025-08-11T17:12:37.429Z,2025-08-03,PETROBRAS 48,381.40429000000006,20453.116972454885,22852.07367569689,,,,,RONCADOR(12/12/2007),,43,,P-53
2025-08-11T17:12:37.429Z,2025-08-03,PETROBRAS 50,1257.6140500000001,33351.888353982,41262.029205672,,,,,RONCADOR(01/01/2014),,44,,P-54
2025-08-11T17:12:37.429Z,2025-08-03,PETROBRAS 51,246.48172000000005,16106.566107308818,17656.88682976482,,,,,MARLIM SUL(01/08/2011),,45,,P-55
2025-08-11T17:12:37.429Z,2025-08-03,PETROBRAS 52,,,,,,,,JUBARTE(15/12/2010),,46,,P-56
2025-08-11T17:12:37.429Z,2025-08-03,PETROBRAS 53,788.5782499999999,46652.44059924666,51612.44007609665,,,,,"BALEIA FRANCA(15/02/2014), JUBARTE(02/03/2014), BALEIA AZUL(17/03/2014)",,47,,P-57
2025-08-11T17:12:37.429Z,2025-08-03,PETROBRAS 54,234.20359999999994,33411.47518311899,34884.56898639899,,,,,PAPA-TERRA(31/12/2013),,48,,P-58
2025-08-11T17:12:37.429Z,2025-08-03,PETROBRAS 55,656.0363,24416.720370306,28543.057490046,,,,,RONCADOR(30/04/2014),,49,,P-61
2025-08-11T17:12:37.429Z,2025-08-03,PETROBRAS 56,461.72286999999983,19493.44886469839,22397.593372424388,,,,,PAPA-TERRA(16/11/2013),,50,,P-62
2025-08-11T17:12:37.429Z,2025-08-03,PETROBRAS 57,331.4174,35203.51018351199,37288.059346031994,,,,,TUPI(08/02/2016),,51,,P-63
2025-08-11T17:12:37.429Z,2025-08-03,PETROBRAS 58,2003.244483984554,69137.57631568135,81737.58347104743,,,,,TUPI(25/03/2018),,52,,P-66
2025-08-11T17:12:37.429Z,2025-08-03,PETROBRAS 61,10973.064856533856,,11503.826667990088,,,,,BERBIGÃO(19/09/2018),,53,,P-67
2025-08-11T17:12:37.429Z,2025-08-03,PETROBRAS 62,2804.7799999999993,21586.882710657002,39228.38795465701,,,,,TUPI(15/06/2018),,54,,P-68
2025-08-11T17:12:37.429Z,2025-08-03,PETROBRAS 63,4290.157753640142,,4444.49303459991,,,,,ATAPU(21/07/2020),,55,,P-69
2025-08-11T17:12:37.429Z,2025-08-03,Petrobras 66 (P-66),5686.44956,102215.22402864194,137981.85447112995,,,,,ITAPU(30/11/2022),,56,,P-70
2025-08-11T17:12:37.429Z,2025-08-03,Petrobras 67 (P-67),6030.876729999999,144457.91928022614,182390.9277365801,,,,,BÚZIOS(01/12/2017),,57,,P-71
2025-08-11T17:12:37.429Z,2025-08-03,Petrobras 68,426.08524799054277,,788.1460746565426,,,,,BÚZIOS(06/09/2018),,58,,P-74
2025-08-11T17:12:37.429Z,2025-08-03,Petrobras 69,262.85664999999995,5448.266398475999,7101.582155645999,,,,,BÚZIOS(20/11/2018),,59,,P-75
2025-08-11T17:12:37.429Z,2025-08-03,Petrobras 70,5383.5267300000005,153185.90799322166,187047.21441957564,,,,,BÚZIOS(16/02/2019),,60,,P-76
2025-08-11T17:12:37.429Z,2025-08-03,PETROBRAS 71,2722.774970000001,159863.34241992014,176989.05242622612,,,,,CARAPEBA(31/12/1988),,61,,P-77
2025-08-11T17:12:37.429Z,2025-08-03,Petrobras 74 (P-74),5277.175049999999,121201.79092721349,154394.16655670348,,,,,CARAPEBA(12/01/1994),,62,,PCP-I
2025-08-11T17:12:37.429Z,2025-08-03,Petrobras 75 (P-75),3477.82231,77748.500589408,99623.30735484598,,,,,"CONGRO(19/08/1983), CORVINA(19/08/1983), MALHADO(19/08/1983), ANEQUIM(07/05/1984), BAGRE(07/05/1984), CHERNE(07/05/1984), PARATI(07/05/1984)",,63,,PCP-II
2025-08-11T17:12:37.429Z,2025-08-03,Petrobras 76,115.83278000000001,,728.565019644,,,,,CHERNE(13/12/1983),,64,,PCP-III
2025-08-11T17:12:37.429Z,2025-08-03,Petrobras 77,6955.45718,161770.8239897176,205519.25856048163,,,,,"ENCHOVA(20/12/2010), ENCHOVA OESTE(20/12/2010)",,65,,PCH-I
2025-08-11T17:12:37.429Z,2025-08-03,PLATAFORMA DE CARAPEBA-I,266.05917107842316,,271.9262816753054,,,,,"GAROUPA(02/01/1979), GAROUPINHA(02/01/1979), VIOLA(02/01/1979)",,66,,PCH-II
2025-08-11T17:12:37.429Z,2025-08-03,PLATAFORMA DE CARAPEBA-II,355.45884507088743,,365.1951998301108,,,,,MANATI(14/01/2007),,67,,PCE-1
2025-08-11T17:12:37.429Z,2025-08-03,PLATAFORMA DE CARAPEBA-III,4727.381361064225,,4797.011239331741,,,,,MEXILHÃO(19/04/2011),,68,,PGP-1
2025-08-11T17:12:37.429Z,2025-08-03,PLATAFORMA DE CHERNE-1,,,,,,,,NAMORADO(01/09/1984),,69,,PMNT
2025-08-11T17:12:37.429Z,2025-08-03,PLATAFORMA DE CHERNE-2,,,,,,,,PAMPO(01/01/1984),,70,,PMXL-1
2025-08-11T17:12:37.429Z,2025-08-03,PLATAFORMA DE ENCHOVA,187.2783499999998,,1177.9433658299986,,,,,PARGO(12/01/1988),,71,,PNA-2
2025-08-11T17:12:37.429Z,2025-08-03,PLATAFORMA DE GAROUPA,,,,,,,,VERMELHO(05/01/1989),,72,,PPM-1
2025-08-11T17:12:37.429Z,2025-08-03,PLATAFORMA DE MANATI 1,2052.59263,,12910.397124174,,,,,VERMELHO(01/01/1989),,73,,PPG-1A
2025-08-11T17:12:37.429Z,2025-08-03,Plataforma de Mexilhão,2766.6579999999994,2248.037418,19649.762906399996,,,,,VERMELHO(06/01/1989),,74,,PVM-1
2025-08-11T17:12:37.429Z,2025-08-03,PLATAFORMA DE NAMORADO-2,,,,,,,,POLVO(30/07/2007),,75,,PVM-2
2025-08-11T17:12:37.429Z,2025-08-03,PLATAFORMA DE PAMPO-1,140.86005,7991.793145205098,8877.774687695099,,,,,,,76,,PVM-3
2025-08-11T17:12:37.429Z,2025-08-03,PLATAFORMA DE PARGO-1A,3346.3242164531994,,3390.601145790718,,,,,,,77,,POLVO A
2025-08-11T17:12:37.429Z,2025-08-03,PLATAFORMA DE VERMELHO-I,6000.544510245816,,6140.251730887494,,,,,,,78,,
2025-08-11T17:12:37.429Z,2025-08-03,PLATAFORMA DE VERMELHO-II,,,,,,,,,,79,,
2025-08-11T17:12:37.429Z,2025-08-03,PLATAFORMA DE VERMELHO-III,1559.3868048049055,,1699.3099198480854,,,,,,,80,,
2025-08-11T17:12:37.429Z,2025-08-03,Polo Arara,158,7306.651190166812,51557.8122563004,,,,,,,81,,
2025-08-11T17:12:37.429Z,2025-08-03,Polvo A,6197.528393232922,,6345.794197994784,,,,,,,82,,
2025-08-11T17:12:37.429Z,2025-08-03,Ponto de Coleta Área do IMT-03,335.9484102043554,548.5933111721835,2661.6416216755383,,,,,,,83,,
2025-08-11T17:12:37.429Z,2025-08-03,Ponto de Coleta Área do LUC-04,1603.7258618661228,1085.9789880143137,11173.09391397985,,,,,,,84,,
2025-08-11T17:12:37.429Z,2025-08-03,Ponto de Coleta Área do LUC-05,791.4027848847077,557.0611241340474,5534.826360501881,,,,,,,85,,
2025-08-11T17:12:37.429Z,2025-08-03,Ponto de Coleta Área do LUC-09,1151.4284954975333,836.8790793919497,8079.134030372334,,,,,,,86,,
2025-08-11T17:12:37.429Z,2025-08-03,Ponto de Coleta Área do LUC-12,1767.842081953767,1337.529706844138,12456.902833916944,,,,,,,87,,
2025-08-11T17:12:37.429Z,2025-08-03,Ponto de Coleta Área do LUC-43,546.7277754267036,423.9954918761859,3862.803853755066,,,,,,,88,,
2025-08-11T17:12:37.429Z,2025-08-03,Unidade de Tratamento de Gás de Cacimbas - UTGC,,,,,,,,,,89,,
2025-08-11T17:12:37.429Z,2025-08-03,UTP Azulão,624.01035,,3924.90029943,,,,,,,90,,
2025-08-11T17:12:37.429Z,2025-08-02,,30652.83006353804,807.0851939942679,35729.23451672319,,,,,,,,,
2025-08-11T17:12:37.429Z,2025-08-02,Estação Coletora de Gavião Real,1653.0777132650085,,10397.52820089425,Eneva,Estação / Pto de Coleta de Gás Nat.,MA,Santo Antônio dos Lopes,"MERO(27/07/2025), AnC_MERO(27/07/2025)",GAVIÃO REAL,28,,FPADG
2025-08-11T17:12:37.429Z,2025-08-02,Estação Coletora de Pilar,615.9424299999998,,3874.1546962139987,Origem Alagoas,Estação / Ponto de Coleta de Petróleo,AL,Pilar,BÚZIOS(13/01/2023),,33,,FPBAR
2025-08-11T17:12:37.429Z,2025-08-02,Estação de Produção e Escoamento de Gavião Branco,3272.328739970048,,20582.293308663608,Petrobras,FPSO,AM,Lima Campos,"BÚZIOS(01/07/2024), TAMBUATÁ(31/12/2024), BÚZIOS_ECO(31/12/2024)",GAVIÃO BRANCO,13,,FPTAM
2025-08-11T17:12:37.429Z,2025-08-02,Estação Produtora de Gavião Preto,3042.2582767649433,,19135.19610919614,Enauta Energia,FIXA,ES,Bernardo do Mearim,MARLIM(23/06/2023),GAVIÃO PRETO,12,,FPAGA
2025-08-11T17:12:37.429Z,2025-08-02,FPSO ALEXANDRE DE GUSMÃO,2896.0321999999996,44244.35609676973,62459.81942832973,TotalEnergies EP,SEMI SUBMERSÍVEL,,Coari,MARLIM(29/10/2022),CACIMBAS,50,,FPANE
2025-08-11T17:12:37.429Z,2025-08-02,FPSO Almirante Barroso,3874.295760000001,100504.32395918368,124872.86943043162,Karoon Brasil,FPU,,Linhares,ATLANTA(29/10/2024),AZULÃO,,,FPSOATLANTA
2025-08-11T17:12:37.429Z,2025-08-02,FPSO Almirante Tamandaré,8018.54663,194685.45575821027,245120.51035158426,BW Maromba,TLWP,,Silves,SÉPIA(02/01/2021),,57,,FPCRC
2025-08-11T17:12:37.429Z,2025-08-02,FPSO ANITA GARIBALDI,732.0634799999999,31535.470786643997,36140.003663148,Shell Brasil,,,,"JUBARTE(31/08/2012), BALEIA AZUL(31/08/2012), PIRAMBU(31/08/2012)",,71,,FCDA
2025-08-11T17:12:37.429Z,2025-08-02,FPSO ANNA NERY,686.3404,38577.746826926996,42894.690674846985,Petro Rio Jaguar,,,,TUPI(26/04/2009),,67,,FPCAR
2025-08-11T17:12:37.429Z,2025-08-02,FPSO ATLANTA,338.21059999999994,41449.925784828,43577.202816708,Prio Bravo,,,,TARTARUGA VERDE(31/12/2017),,15,,FPCGZ
2025-08-11T17:12:37.429Z,2025-08-02,FPSO Carioca (MV-30),6055.229020000001,158837.72291414873,196923.90240414467,Equinor Brasil,,,,LAPA(30/08/2016),,10,,FPCCG
2025-08-11T17:12:37.429Z,2025-08-02,FPSO CIDADE DE ANCHIETA,855.9680000000001,18863.578513348795,24247.446039748793,3R Petroleum Off,,,,SAPINHOÁ(10/11/2014),,11,,FPCIB
2025-08-11T17:12:37.429Z,2025-08-02,FPSO CIDADE DE ANGRA DOS REIS,,,,Trident Energy,,,,TUPI(31/07/2015),,12,,FPCIG
2025-08-11T17:12:37.429Z,2025-08-02,FPSO Cidade de Campos dos Goytacazes,714.3312699999998,68962.85149216319,73455.85231420919,Perenco Brasil,,,,"BAÚNA(25/01/2013), PIRACABA(25/01/2013)",,13,,FPCI
2025-08-11T17:12:37.429Z,2025-08-02,FPSO CIDADE DE CARAGUATATUBA,1610.3136600000003,41462.89559144041,51591.4464501084,,,,,TUPI(14/10/2014),,14,,FPCMB
2025-08-11T17:12:37.429Z,2025-08-02,FPSO CIDADE DE ILHA BELA,2984.5539999999996,62961.98940609598,81734.237155296,,,,,TUPI(28/01/2016),,15,,FPCMC
2025-08-11T17:12:37.429Z,2025-08-02,FPSO CIDADE DE ITAGUAÍ,6674.059410000002,105571.92598472521,147550.4248617432,,,,,MARLIM LESTE(12/01/2008),,16,,FPNT
2025-08-11T17:12:37.429Z,2025-08-02,FPSO CIDADE DE ITAJAÍ,303.7403,19739.6575834128,21650.123322352803,,,,,TUPI(28/05/2013),,17,,FPCP
2025-08-11T17:12:37.429Z,2025-08-02,FPSO CIDADE DE MANGARATIBA,5685.463519999999,98884.09741478399,134644.52586287996,,,,,"URUGUÁ(14/07/2010), TAMBAÚ(13/11/2014)",,18,,FPCST
2025-08-11T17:12:37.429Z,2025-08-02,FPSO CIDADE DE MARICÁ,5242.525359999998,125697.79165404115,158672.22766336915,,,,,SAPINHOÁ(01/12/2012),,19,,FPCSP
2025-08-11T17:12:37.429Z,2025-08-02,FPSO CIDADE DE NITEROI,,,,,,,,TUPI(31/05/2016),,20,,FPCSQ
2025-08-11T17:12:37.429Z,2025-08-02,FPSO CIDADE DE PARATY,4209.40287,93675.3229009203,120151.62507264627,,,,,GOLFINHO(15/11/2007),,21,,CVIX
2025-08-11T17:12:37.429Z,2025-08-02,FPSO CIDADE DE SANTOS,,,,,,,,"ABALONE(12/07/2009), OSTRA(26/01/2011), ARGONAUTA(26/01/2011)",,22,,FPSO ESP SANTO
2025-08-11T17:12:37.429Z,2025-08-02,FPSO CIDADE DE SÃO PAULO,2851.4094199999995,60419.41652326143,78354.21149317747,,,,,FRADE(07/06/2009),,23,,FPSO FRADE
2025-08-11T17:12:37.429Z,2025-08-02,FPSO CIDADE DE SAQUAREMA,5716.591589999999,106303.20604685758,142259.42382963956,,,,,MERO(13/05/2021),,24,,FPGNB
2025-08-11T17:12:37.429Z,2025-08-02,FPSO CIDADE DE VITÓRIA,8844.18814797395,,9189.92826449795,,,,,MERO(28/07/2024),,25,,FPMDC
2025-08-11T17:12:37.429Z,2025-08-02,FPSO ESPIRITO SANTO,433.5500000000002,31203.3581508,33930.3009408,,,,,JUBARTE(13/01/2025),,26,,FPMQT
2025-08-11T17:12:37.429Z,2025-08-02,FPSO FRADE,311.356,30618.884712701998,32577.251681502,,,,,MERO(31/07/2017),,27,,FPSOPL
2025-08-11T17:12:37.429Z,2025-08-02,FPSO GUANABARA,12049.541760000004,183594.68354332598,259383.89130537407,,,,,MERO(11/04/2023),,28,,FPSTB
2025-08-11T17:12:37.429Z,2025-08-02,FPSO Marechal  Duque de Caxias,11639.795319999996,180011.2620508343,253223.24665457028,,,,,TUBARÃO MARTELO(03/11/2013),,29,,OSX3
2025-08-11T17:12:37.429Z,2025-08-02,FPSO MARIA QUITERIA,1056.127272978316,29804.996327006083,36447.825648585094,,,,,PEREGRINO(22/03/2011),,30,,PEREGRINO A
2025-08-11T17:12:37.429Z,2025-08-02,FPSO PIONEIRO DE LIBRA,2619.83934,39190.04726482561,55668.312745557596,,,,,"PEREGRINO(01/10/2021), PITANGOLA(01/10/2021)",,31,,PEREGRINO B
2025-08-11T17:12:37.429Z,2025-08-02,FPSO SEPETIBA,11979.6673,180562.87876878798,255912.59015232805,,,,,PEROÁ(27/01/2011),,32,,WHP-C
2025-08-11T17:12:37.429Z,2025-08-02,FPSO_OSX3,7290.39416449765,,7436.495768729544,,,,,MARIMBÁ(21/06/1993),,33,,PPER
2025-08-11T17:12:37.429Z,2025-08-02,Peregrino A,52069.59385118172,,52414.41412385165,,,,,ALBACORA(27/09/1996),,34,,P-08
2025-08-11T17:12:37.429Z,2025-08-02,Peregrino B,5230.220697081378,,5249.235335297389,,,,,ALBACORA(17/08/1998),,35,,P-25
2025-08-11T17:12:37.429Z,2025-08-02,PEREGRINO C,100.3879826659123,41124.831445386415,41756.25177875847,,,,,MARLIM SUL(16/12/2001),,36,,P-31
2025-08-11T17:12:37.429Z,2025-08-02,PEROA,2.248,,14.1394704,,,,,BARRACUDA(21/12/2004),,37,,P-40
2025-08-11T17:12:37.429Z,2025-08-02,PETROBRAS 08,117.50263000000001,9344.9327060383,10084.000748212298,,,,,"CARATINGA(28/02/2005), BARRACUDA(01/01/2005)",,38,,P-43
2025-08-11T17:12:37.429Z,2025-08-02,PETROBRAS 25,,,,,,,,ALBACORA LESTE(21/04/2006),,39,,P-48
2025-08-11T17:12:37.429Z,2025-08-02,PETROBRAS 31,,,,,,,,MARLIM SUL(24/01/2009),,40,,P-50
2025-08-11T17:12:37.429Z,2025-08-02,PETROBRAS 40,1673.3798900000002,37088.422986909565,47613.64781903156,,,,,RONCADOR(23/11/2007),,41,,P-51
2025-08-11T17:12:37.429Z,2025-08-02,PETROBRAS 43,314.68653,24584.075594825998,26563.390931219998,,,,,MARLIM LESTE(30/11/2008),,42,,P-52
2025-08-11T17:12:37.429Z,2025-08-02,PETROBRAS 48,418.68017000000003,21791.323787359466,24424.738320625464,,,,,RONCADOR(12/12/2007),,43,,P-53
2025-08-11T17:12:37.429Z,2025-08-02,PETROBRAS 50,1280.6088000000002,34877.731376267984,42932.504606507995,,,,,RONCADOR(01/01/2014),,44,,P-54
2025-08-11T17:12:37.429Z,2025-08-02,PETROBRAS 51,208.67643000000007,15364.5056282955,16677.0386377095,,,,,MARLIM SUL(01/08/2011),,45,,P-55
2025-08-11T17:12:37.429Z,2025-08-02,PETROBRAS 52,,,,,,,,JUBARTE(15/12/2010),,46,,P-56
2025-08-11T17:12:37.429Z,2025-08-02,PETROBRAS 53,672.0198900000001,45109.47990632514,49336.35061044714,,,,,"BALEIA FRANCA(15/02/2014), JUBARTE(02/03/2014), BALEIA AZUL(17/03/2014)",,47,,P-57
2025-08-11T17:12:37.429Z,2025-08-02,PETROBRAS 54,223.66232000000002,27991.942320738,29398.733581074004,,,,,PAPA-TERRA(31/12/2013),,48,,P-58
2025-08-11T17:12:37.429Z,2025-08-02,PETROBRAS 55,649.8167599999999,24180.198164017635,28267.41562106564,,,,,RONCADOR(30/04/2014),,49,,P-61
2025-08-11T17:12:37.429Z,2025-08-02,PETROBRAS 56,436.43996,18914.349725001182,21659.46978540918,,,,,PAPA-TERRA(16/11/2013),,50,,P-62
2025-08-11T17:12:37.429Z,2025-08-02,PETROBRAS 57,313.17099999999994,32284.037370287995,34253.82032608799,,,,,TUPI(08/02/2016),,51,,P-63
2025-08-11T17:12:37.429Z,2025-08-02,PETROBRAS 58,2230.870503027417,73418.18585657227,87449.91514651412,,,,,TUPI(25/03/2018),,52,,P-66
2025-08-11T17:12:37.429Z,2025-08-02,PETROBRAS 61,13554.218135537029,,14182.98498422563,,,,,BERBIGÃO(19/09/2018),,53,,P-67
2025-08-11T17:12:37.429Z,2025-08-02,PETROBRAS 62,1934.803,17251.180597213195,29420.70450661319,,,,,TUPI(15/06/2018),,54,,P-68
2025-08-11T17:12:37.429Z,2025-08-02,PETROBRAS 63,4704.047410818968,,4864.994011006367,,,,,ATAPU(21/07/2020),,55,,P-69
2025-08-11T17:12:37.429Z,2025-08-02,Petrobras 66 (P-66),5692.860680000002,102297.1849542776,138104.14005934165,,,,,ITAPU(30/11/2022),,56,,P-70
2025-08-11T17:12:37.429Z,2025-08-02,Petrobras 67 (P-67),5863.3525599999975,143449.19247213384,180328.50740402186,,,,,BÚZIOS(01/12/2017),,57,,P-71
2025-08-11T17:12:37.429Z,2025-08-02,Petrobras 68,3989.755109999999,128989.70282166715,154084.46451254512,,,,,BÚZIOS(06/09/2018),,58,,P-74
2025-08-11T17:12:37.429Z,2025-08-02,Petrobras 69,383.7932999999999,7714.339314791997,10128.322413131995,,,,,BÚZIOS(20/11/2018),,59,,P-75
2025-08-11T17:12:37.429Z,2025-08-02,Petrobras 70,5402.737119999999,151888.73701141425,185870.87294879026,,,,,BÚZIOS(16/02/2019),,60,,P-76
2025-08-11T17:12:37.429Z,2025-08-02,PETROBRAS 71,2728.19421,159818.9574818869,176978.7534239449,,,,,CARAPEBA(31/12/1988),,61,,P-77
2025-08-11T17:12:37.429Z,2025-08-02,Petrobras 74 (P-74),3910.10611,93077.62621050519,117671.41162118313,,,,,CARAPEBA(12/01/1994),,62,,PCP-I
2025-08-11T17:12:37.429Z,2025-08-02,Petrobras 75 (P-75),6457.039910000001,120093.26776910354,160706.75739502153,,,,,"CONGRO(19/08/1983), CORVINA(19/08/1983), MALHADO(19/08/1983), ANEQUIM(07/05/1984), BAGRE(07/05/1984), CHERNE(07/05/1984), PARATI(07/05/1984)",,63,,PCP-II
2025-08-11T17:12:37.429Z,2025-08-02,Petrobras 76,4172.722609999999,77717.34136370178,103962.9320360798,,,,,CHERNE(13/12/1983),,64,,PCP-III
2025-08-11T17:12:37.429Z,2025-08-02,Petrobras 77,6938.0599200000015,161783.93580366057,205422.94508847658,,,,,"ENCHOVA(20/12/2010), ENCHOVA OESTE(20/12/2010)",,65,,PCH-I
2025-08-11T17:12:37.429Z,2025-08-02,PLATAFORMA DE CARAPEBA-I,233.05610149338332,,239.6590817411221,,,,,"GAROUPA(02/01/1979), GAROUPINHA(02/01/1979), VIOLA(02/01/1979)",,66,,PCH-II
2025-08-11T17:12:37.429Z,2025-08-02,PLATAFORMA DE CARAPEBA-II,2100.05570689579,,2151.3143501056466,,,,,MANATI(14/01/2007),,67,,PCE-1
2025-08-11T17:12:37.429Z,2025-08-02,PLATAFORMA DE CARAPEBA-III,4509.39581718969,,4594.587598372887,,,,,MEXILHÃO(19/04/2011),,68,,PGP-1
2025-08-11T17:12:37.429Z,2025-08-02,PLATAFORMA DE CHERNE-1,,,,,,,,NAMORADO(01/09/1984),,69,,PMNT
2025-08-11T17:12:37.429Z,2025-08-02,PLATAFORMA DE CHERNE-2,,,,,,,,PAMPO(01/01/1984),,70,,PMXL-1
2025-08-11T17:12:37.429Z,2025-08-02,PLATAFORMA DE ENCHOVA,175.10885999999977,8891.009187826337,9992.408895454337,,,,,PARGO(12/01/1988),,71,,PNA-2
2025-08-11T17:12:37.429Z,2025-08-02,PLATAFORMA DE GAROUPA,,,,,,,,VERMELHO(05/01/1989),,72,,PPM-1
2025-08-11T17:12:37.429Z,2025-08-02,PLATAFORMA DE MANATI 1,2050.61723,,12897.972253253998,,,,,VERMELHO(01/01/1989),,73,,PPG-1A
2025-08-11T17:12:37.429Z,2025-08-02,Plataforma de Mexilhão,1523.0607599999998,1087.5315792,10667.279147447998,,,,,VERMELHO(06/01/1989),,74,,PVM-1
2025-08-11T17:12:37.429Z,2025-08-02,PLATAFORMA DE NAMORADO-2,,,,,,,,POLVO(30/07/2007),,75,,PVM-2
2025-08-11T17:12:37.429Z,2025-08-02,PLATAFORMA DE PAMPO-1,125.99742000000006,7992.066251466001,8784.564823782,,,,,,,76,,PVM-3
2025-08-11T17:12:37.429Z,2025-08-02,PLATAFORMA DE PARGO-1A,3124.705256277358,,3175.389294814537,,,,,,,77,,POLVO A
2025-08-11T17:12:37.429Z,2025-08-02,PLATAFORMA DE VERMELHO-I,6305.798380555991,,6495.332826924089,,,,,,,78,,
2025-08-11T17:12:37.429Z,2025-08-02,PLATAFORMA DE VERMELHO-II,,,,,,,,,,79,,
2025-08-11T17:12:37.429Z,2025-08-02,PLATAFORMA DE VERMELHO-III,1263.4972065071577,,1425.9450958290895,,,,,,,80,,
2025-08-11T17:12:37.429Z,2025-08-02,Polo Arara,158,8126.913432038737,57067.714383770064,,,,,,,81,,
2025-08-11T17:12:37.429Z,2025-08-02,Polvo A,6251.419439502355,,6401.354191050461,,,,,,,82,,
2025-08-11T17:12:37.429Z,2025-08-02,Ponto de Coleta Área do IMT-03,324.99857261465127,548.6099747819305,2592.785996813564,,,,,,,83,,
2025-08-11T17:12:37.429Z,2025-08-02,Ponto de Coleta Área do LUC-04,1632.1249582374212,1113.9054521427317,11379.645014464462,,,,,,,84,,
2025-08-11T17:12:37.429Z,2025-08-02,Ponto de Coleta Área do LUC-05,761.8197042537242,539.5169917744952,5331.210567589569,,,,,,,85,,
2025-08-11T17:12:37.429Z,2025-08-02,Ponto de Coleta Área do LUC-09,730.6523256947825,560.7339521251776,5156.390950280221,,,,,,,86,,
2025-08-11T17:12:37.429Z,2025-08-02,Ponto de Coleta Área do LUC-12,1649.5609532254186,1314.0842115752232,11689.492695172461,,,,,,,87,,
2025-08-11T17:12:37.429Z,2025-08-02,Ponto de Coleta Área do LUC-43,543.4117939352636,424.9454058808102,3842.896907374831,,,,,,,88,,
2025-08-11T17:12:37.429Z,2025-08-02,Unidade de Tratamento de Gás de Cacimbas - UTGC,,,,,,,,,,89,,
2025-08-11T17:12:37.429Z,2025-08-02,UTP Azulão,635.9917000000003,,4000.2605946600015,,,,,,,90,,
2025-08-11T17:12:37.429Z,2025-08-01,,30770.583709848444,812.4118722830084,35880.49190413411,,,,,,,,,
2025-08-11T17:12:37.429Z,2025-08-01,Estação Coletora de Gavião Real,1519.5693295675492,,9557.78716911397,Eneva,Estação / Pto de Coleta de Gás Nat.,MA,Santo Antônio dos Lopes,"MERO(27/07/2025), AnC_MERO(27/07/2025)",GAVIÃO REAL,28,,FPADG
2025-08-11T17:12:37.429Z,2025-08-01,Estação Coletora de Pilar,625.7621400000002,,3935.9187081720006,Origem Alagoas,Estação / Ponto de Coleta de Petróleo,AL,Pilar,BÚZIOS(13/01/2023),,33,,FPBAR
2025-08-11T17:12:37.429Z,2025-08-01,Estação de Produção e Escoamento de Gavião Branco,3395.4132700186146,,21356.47038576308,Petrobras,FPSO,AM,Lima Campos,"BÚZIOS(01/07/2024), TAMBUATÁ(31/12/2024), BÚZIOS_ECO(31/12/2024)",GAVIÃO BRANCO,13,,FPTAM
2025-08-11T17:12:37.429Z,2025-08-01,Estação Produtora de Gavião Preto,3512.2631104138372,,22091.432511880954,Enauta Energia,FIXA,ES,Bernardo do Mearim,MARLIM(23/06/2023),GAVIÃO PRETO,12,,FPAGA
2025-08-11T17:12:37.429Z,2025-08-01,FPSO ALEXANDRE DE GUSMÃO,2419.7480000000005,36592.42763057729,51812.158600977295,TotalEnergies EP,SEMI SUBMERSÍVEL,,Coari,MARLIM(29/10/2022),CACIMBAS,50,,FPANE
2025-08-11T17:12:37.429Z,2025-08-01,FPSO Almirante Barroso,5776.248750000001,150628.13716033363,186959.5865480836,Karoon Brasil,FPU,,Linhares,ATLANTA(29/10/2024),AZULÃO,,,FPSOATLANTA
2025-08-11T17:12:37.429Z,2025-08-01,FPSO Almirante Tamandaré,7853.83161,193537.32961764082,242936.35967821875,BW Maromba,TLWP,,Silves,SÉPIA(02/01/2021),,57,,FPCRC
2025-08-11T17:12:37.429Z,2025-08-01,FPSO ANITA GARIBALDI,733.5272399999999,31563.54123944339,36177.280873595395,Shell Brasil,,,,"JUBARTE(31/08/2012), BALEIA AZUL(31/08/2012), PIRAMBU(31/08/2012)",,71,,FCDA
2025-08-11T17:12:37.429Z,2025-08-01,FPSO ANNA NERY,677.7302,37779.37447833649,42042.161890296484,Petro Rio Jaguar,,,,TUPI(26/04/2009),,67,,FPCAR
2025-08-11T17:12:37.429Z,2025-08-01,FPSO ATLANTA,293.4699,34628.467514289,36474.334491309,Prio Bravo,,,,TARTARUGA VERDE(31/12/2017),,15,,FPCGZ
2025-08-11T17:12:37.429Z,2025-08-01,FPSO Carioca (MV-30),6055.903379999999,158915.45618423904,197005.87726376302,Equinor Brasil,,,,LAPA(30/08/2016),,10,,FPCCG
2025-08-11T17:12:37.429Z,2025-08-01,FPSO CIDADE DE ANCHIETA,854.4099999999999,18840.692138868595,24214.760156868593,3R Petroleum Off,,,,SAPINHOÁ(10/11/2014),,11,,FPCIB
2025-08-11T17:12:37.429Z,2025-08-01,FPSO CIDADE DE ANGRA DOS REIS,,,,Trident Energy,,,,TUPI(31/07/2015),,12,,FPCIG
2025-08-11T17:12:37.429Z,2025-08-01,FPSO Cidade de Campos dos Goytacazes,656.52778,62041.84661378881,66171.2750444328,Perenco Brasil,,,,"BAÚNA(25/01/2013), PIRACABA(25/01/2013)",,13,,FPCI
2025-08-11T17:12:37.429Z,2025-08-01,FPSO CIDADE DE CARAGUATATUBA,1614.85302,41871.92626067219,52029.02878586819,,,,,TUPI(14/10/2014),,14,,FPCMB
2025-08-11T17:12:37.429Z,2025-08-01,FPSO CIDADE DE ILHA BELA,2984.591,60955.032977520015,79727.51344932002,,,,,TUPI(28/01/2016),,15,,FPCMC
2025-08-11T17:12:37.429Z,2025-08-01,FPSO CIDADE DE ITAGUAÍ,6678.143990000001,105328.02055432138,147332.2106226234,,,,,MARLIM LESTE(12/01/2008),,16,,FPNT
2025-08-11T17:12:37.429Z,2025-08-01,FPSO CIDADE DE ITAJAÍ,391.55758,26009.459441064002,28472.278307748005,,,,,TUPI(28/05/2013),,17,,FPCP
2025-08-11T17:12:37.429Z,2025-08-01,FPSO CIDADE DE MANGARATIBA,5682.576770000001,98285.33381525759,134027.6051832036,,,,,"URUGUÁ(14/07/2010), TAMBAÚ(13/11/2014)",,18,,FPCST
2025-08-11T17:12:37.429Z,2025-08-01,FPSO CIDADE DE MARICÁ,5239.398190000003,125651.3229261311,158606.0896615931,,,,,SAPINHOÁ(01/12/2012),,19,,FPCSP
2025-08-11T17:12:37.429Z,2025-08-01,FPSO CIDADE DE NITEROI,,,,,,,,TUPI(31/05/2016),,20,,FPCSQ
2025-08-11T17:12:37.429Z,2025-08-01,FPSO CIDADE DE PARATY,4219.94659,94125.04030584499,120667.66036762693,,,,,GOLFINHO(15/11/2007),,21,,CVIX
2025-08-11T17:12:37.429Z,2025-08-01,FPSO CIDADE DE SANTOS,,,,,,,,"ABALONE(12/07/2009), OSTRA(26/01/2011), ARGONAUTA(26/01/2011)",,22,,FPSO ESP SANTO
2025-08-11T17:12:37.429Z,2025-08-01,FPSO CIDADE DE SÃO PAULO,2842.30019,60104.84322744001,77982.34296250199,,,,,FRADE(07/06/2009),,23,,FPSO FRADE
2025-08-11T17:12:37.429Z,2025-08-01,FPSO CIDADE DE SAQUAREMA,5742.180099999999,106740.02037916797,142857.18477214803,,,,,MERO(13/05/2021),,24,,FPGNB
2025-08-11T17:12:37.429Z,2025-08-01,FPSO CIDADE DE VITÓRIA,4644.917823642941,,5066.87295631894,,,,,MERO(28/07/2024),,25,,FPMDC
2025-08-11T17:12:37.429Z,2025-08-01,FPSO ESPIRITO SANTO,432.8670000000001,31140.736901999997,33863.3837586,,,,,JUBARTE(13/01/2025),,26,,FPMQT
2025-08-11T17:12:37.429Z,2025-08-01,FPSO FRADE,316.091,30997.147246493994,32985.296418294005,,,,,MERO(31/07/2017),,27,,FPSOPL
2025-08-11T17:12:37.429Z,2025-08-01,FPSO GUANABARA,12049.414060000003,183754.26973005285,259542.6742846409,,,,,MERO(11/04/2023),,28,,FPSTB
2025-08-11T17:12:37.429Z,2025-08-01,FPSO Marechal  Duque de Caxias,11709.226039999996,181241.77342258234,254890.46336897436,,,,,TUBARÃO MARTELO(03/11/2013),,29,,OSX3
2025-08-11T17:12:37.429Z,2025-08-01,FPSO MARIA QUITERIA,1060.3923880920272,29962.38388785488,36632.039930476116,,,,,PEREGRINO(22/03/2011),,30,,PEREGRINO A
2025-08-11T17:12:37.429Z,2025-08-01,FPSO PIONEIRO DE LIBRA,2416.618,40495.1455671048,55695.1894635048,,,,,"PEREGRINO(01/10/2021), PITANGOLA(01/10/2021)",,31,,PEREGRINO B
2025-08-11T17:12:37.429Z,2025-08-01,FPSO SEPETIBA,11966.830100000003,180389.12501407415,255658.09297705418,,,,,PEROÁ(27/01/2011),,32,,WHP-C
2025-08-11T17:12:37.429Z,2025-08-01,FPSO_OSX3,7357.000474456715,,7503.998565614489,,,,,MARIMBÁ(21/06/1993),,33,,PPER
2025-08-11T17:12:37.429Z,2025-08-01,Peregrino A,52259.675912286235,,52605.28546588246,,,,,ALBACORA(27/09/1996),,34,,P-08
2025-08-11T17:12:37.429Z,2025-08-01,Peregrino B,5249.313819508529,,5268.371981532314,,,,,ALBACORA(17/08/1998),,35,,P-25
2025-08-11T17:12:37.429Z,2025-08-01,PEREGRINO C,100.61776706731428,41274.959229099426,41907.82486039942,,,,,MARLIM SUL(16/12/2001),,36,,P-31
2025-08-11T17:12:37.429Z,2025-08-01,PEROA,2.248,,14.1394704,,,,,BARRACUDA(21/12/2004),,37,,P-40
2025-08-11T17:12:37.429Z,2025-08-01,PETROBRAS 08,132.81252999999992,9111.034373990367,9946.398625184365,,,,,"CARATINGA(28/02/2005), BARRACUDA(01/01/2005)",,38,,P-43
2025-08-11T17:12:37.429Z,2025-08-01,PETROBRAS 25,,,,,,,,ALBACORA LESTE(21/04/2006),,39,,P-48
2025-08-11T17:12:37.429Z,2025-08-01,PETROBRAS 31,,,,,,,,MARLIM SUL(24/01/2009),,40,,P-50
2025-08-11T17:12:37.429Z,2025-08-01,PETROBRAS 40,735.29488,36733.23852790832,41358.09626413232,,,,,RONCADOR(23/11/2007),,41,,P-51
2025-08-11T17:12:37.429Z,2025-08-01,PETROBRAS 43,353.36037,24233.215077917994,26455.781133143995,,,,,MARLIM LESTE(30/11/2008),,42,,P-52
2025-08-11T17:12:37.429Z,2025-08-01,PETROBRAS 48,282.63475999999997,14315.846392782003,16093.562506230006,,,,,RONCADOR(12/12/2007),,43,,P-53
2025-08-11T17:12:37.429Z,2025-08-01,PETROBRAS 50,1262.27724,34973.27268349198,42912.74406764399,,,,,RONCADOR(01/01/2014),,44,,P-54
2025-08-11T17:12:37.429Z,2025-08-01,PETROBRAS 51,181.93841999999998,17533.071419226002,18677.427693342004,,,,,MARLIM SUL(01/08/2011),,45,,P-55
2025-08-11T17:12:37.429Z,2025-08-01,PETROBRAS 52,,,,,,,,JUBARTE(15/12/2010),,46,,P-56
2025-08-11T17:12:37.429Z,2025-08-01,PETROBRAS 53,500.36834999999996,44701.40805141267,47848.62489924268,,,,,"BALEIA FRANCA(15/02/2014), JUBARTE(02/03/2014), BALEIA AZUL(17/03/2014)",,47,,P-57
2025-08-11T17:12:37.429Z,2025-08-01,PETROBRAS 54,203.69240999999994,21683.419535975994,22964.604056393993,,,,,PAPA-TERRA(31/12/2013),,48,,P-58
2025-08-11T17:12:37.429Z,2025-08-01,PETROBRAS 55,656.82312,24237.335035620672,28368.621095796665,,,,,RONCADOR(30/04/2014),,49,,P-61
2025-08-11T17:12:37.429Z,2025-08-01,PETROBRAS 56,489.26835000000017,19532.390861869102,22609.790929699106,,,,,PAPA-TERRA(16/11/2013),,50,,P-62
2025-08-11T17:12:37.429Z,2025-08-01,PETROBRAS 57,316.2330999999999,32567.936047416,34556.978999796,,,,,TUPI(08/02/2016),,51,,P-63
2025-08-11T17:12:37.429Z,2025-08-01,PETROBRAS 58,2310.9448296249657,74257.68824843741,88793.06903781251,,,,,TUPI(25/03/2018),,52,,P-66
2025-08-11T17:12:37.429Z,2025-08-01,PETROBRAS 61,101.35048128182842,13608.676069449091,14246.15032661553,,,,,BERBIGÃO(19/09/2018),,53,,P-67
2025-08-11T17:12:37.429Z,2025-08-01,PETROBRAS 62,2985.8569999999995,27900.778462722003,46681.221821322,,,,,TUPI(15/06/2018),,54,,P-68
2025-08-11T17:12:37.429Z,2025-08-01,PETROBRAS 63,4698.390336860911,,4859.814586408467,,,,,ATAPU(21/07/2020),,55,,P-69
2025-08-11T17:12:37.429Z,2025-08-01,Petrobras 66 (P-66),5696.430839999999,102187.28843604187,138016.69913347383,,,,,ITAPU(30/11/2022),,56,,P-70
2025-08-11T17:12:37.429Z,2025-08-01,Petrobras 67 (P-67),5776.1398500000005,145596.02490754199,181926.789336072,,,,,BÚZIOS(01/12/2017),,57,,P-71
2025-08-11T17:12:37.429Z,2025-08-01,Petrobras 68,3896.4172100000005,131633.33255352313,156141.01752098114,,,,,BÚZIOS(06/09/2018),,58,,P-74
2025-08-11T17:12:37.429Z,2025-08-01,Petrobras 69,5692.717409999999,114160.66157133,149966.71553674797,,,,,BÚZIOS(20/11/2018),,59,,P-75
2025-08-11T17:12:37.429Z,2025-08-01,Petrobras 70,5190.07775,148137.47630911754,180782.02734106753,,,,,BÚZIOS(16/02/2019),,60,,P-76
2025-08-11T17:12:37.429Z,2025-08-01,PETROBRAS 71,2711.0466599999995,159568.30398388836,176620.2452659564,,,,,CARAPEBA(31/12/1988),,61,,P-77
2025-08-11T17:12:37.429Z,2025-08-01,Petrobras 74 (P-74),3563.88051,85004.62436070992,107420.7199925079,,,,,CARAPEBA(12/01/1994),,62,,PCP-I
2025-08-11T17:12:37.429Z,2025-08-01,Petrobras 75 (P-75),6091.845359999999,113954.96724238555,152271.45618771363,,,,,"CONGRO(19/08/1983), CORVINA(19/08/1983), MALHADO(19/08/1983), ANEQUIM(07/05/1984), BAGRE(07/05/1984), CHERNE(07/05/1984), PARATI(07/05/1984)",,63,,PCP-II
2025-08-11T17:12:37.429Z,2025-08-01,Petrobras 76,2015.4824400000002,41363.36576321895,54040.347214330934,,,,,CHERNE(13/12/1983),,64,,PCP-III
2025-08-11T17:12:37.429Z,2025-08-01,Petrobras 77,6884.488599999999,161726.44614893745,205028.50254521743,,,,,"ENCHOVA(20/12/2010), ENCHOVA OESTE(20/12/2010)",,65,,PCH-I
2025-08-11T17:12:37.429Z,2025-08-01,PLATAFORMA DE CARAPEBA-I,,,,,,,,"GAROUPA(02/01/1979), GAROUPINHA(02/01/1979), VIOLA(02/01/1979)",,66,,PCH-II
2025-08-11T17:12:37.429Z,2025-08-01,PLATAFORMA DE CARAPEBA-II,2090.174670165229,,2158.739304046145,,,,,MANATI(14/01/2007),,67,,PCE-1
2025-08-11T17:12:37.429Z,2025-08-01,PLATAFORMA DE CARAPEBA-III,3490.665380608819,,3578.8040765455717,,,,,MEXILHÃO(19/04/2011),,68,,PGP-1
2025-08-11T17:12:37.429Z,2025-08-01,PLATAFORMA DE CHERNE-1,,,,,,,,NAMORADO(01/09/1984),,69,,PMNT
2025-08-11T17:12:37.429Z,2025-08-01,PLATAFORMA DE CHERNE-2,,,,,,,,PAMPO(01/01/1984),,70,,PMXL-1
2025-08-11T17:12:37.429Z,2025-08-01,PLATAFORMA DE ENCHOVA,174.95928000000015,8896.544699147133,9997.003578491132,,,,,PARGO(12/01/1988),,71,,PNA-2
2025-08-11T17:12:37.429Z,2025-08-01,PLATAFORMA DE GAROUPA,,,,,,,,VERMELHO(05/01/1989),,72,,PPM-1
2025-08-11T17:12:37.429Z,2025-08-01,PLATAFORMA DE MANATI 1,2033.20849,,12788.474760402,,,,,VERMELHO(01/01/1989),,73,,PPG-1A
2025-08-11T17:12:37.429Z,2025-08-01,Plataforma de Mexilhão,515.79588,383.1180078000001,3627.370933824,,,,,VERMELHO(06/01/1989),,74,,PVM-1
2025-08-11T17:12:37.429Z,2025-08-01,PLATAFORMA DE NAMORADO-2,,,,,,,,POLVO(30/07/2007),,75,,PVM-2
2025-08-11T17:12:37.429Z,2025-08-01,PLATAFORMA DE PAMPO-1,126.73977999999993,8244.605179598038,9041.773047842038,,,,,,,76,,PVM-3
2025-08-11T17:12:37.429Z,2025-08-01,PLATAFORMA DE PARGO-1A,2681.17354331546,,2737.6273333167946,,,,,,,77,,POLVO A
2025-08-11T17:12:37.429Z,2025-08-01,PLATAFORMA DE VERMELHO-I,6508.217401718537,,6771.68931808883,,,,,,,78,,
2025-08-11T17:12:37.429Z,2025-08-01,PLATAFORMA DE VERMELHO-II,,,,,,,,,,79,,
2025-08-11T17:12:37.429Z,2025-08-01,PLATAFORMA DE VERMELHO-III,612.6450585839581,,690.639138958664,,,,,,,80,,
2025-08-11T17:12:37.429Z,2025-08-01,Polo Arara,158,8118.272437938852,57052.66719973094,,,,,,,81,,
2025-08-11T17:12:37.429Z,2025-08-01,Polvo A,6308.533495543289,,6459.388254405515,,,,,,,82,,
2025-08-11T17:12:37.429Z,2025-08-01,Ponto de Coleta Área do IMT-03,312.4223011815033,535.3740889063434,2500.4478788777633,,,,,,,83,,
2025-08-11T17:12:37.429Z,2025-08-01,Ponto de Coleta Área do LUC-04,1650.3766037416497,1135.7033233091909,11516.242085523416,,,,,,,84,,
2025-08-11T17:12:37.429Z,2025-08-01,Ponto de Coleta Área do LUC-05,785.10580990431,566.472128239172,5504.630651375302,,,,,,,85,,
2025-08-11T17:12:37.429Z,2025-08-01,Ponto de Coleta Área do LUC-09,729.7810838687928,564.0330663307149,5154.210127648647,,,,,,,86,,
2025-08-11T17:12:37.429Z,2025-08-01,Ponto de Coleta Área do LUC-12,1597.5067162144737,1304.898121024573,11352.895864670367,,,,,,,87,,
2025-08-11T17:12:37.429Z,2025-08-01,Ponto de Coleta Área do LUC-43,588.4457971504153,463.42176260685767,4164.628137523539,,,,,,,88,,
2025-08-11T17:12:37.429Z,2025-08-01,Unidade de Tratamento de Gás de Cacimbas - UTGC,,,,,,,,,,89,,
2025-08-11T17:12:37.429Z,2025-08-01,UTP Azulão,629.9798500000002,,3962.4472605300007,,,,,,,90,,
2025-08-11T17:12:37.429Z,2025-07-31,,30988.12337528918,810.1219652086056,36083.62851205827,,,,,,,,,
2025-08-11T17:12:37.429Z,2025-07-31,Estação Coletora de Gavião Real,1579.901063455096,,9937.261708919861,Eneva,Estação / Pto de Coleta de Gás Nat.,MA,Santo Antônio dos Lopes,"MERO(27/07/2025), AnC_MERO(27/07/2025)",GAVIÃO REAL,28,,FPADG
2025-08-11T17:12:37.429Z,2025-07-31,Estação Coletora de Pilar,618.36176,,3889.3717980479996,Origem Alagoas,Estação / Ponto de Coleta de Petróleo,AL,Pilar,BÚZIOS(13/01/2023),,33,,FPBAR
2025-08-11T17:12:37.429Z,2025-07-31,Estação de Produção e Escoamento de Gavião Branco,3562.5139653265296,,22407.500339110804,Petrobras,FPSO,AM,Lima Campos,"BÚZIOS(01/07/2024), TAMBUATÁ(31/12/2024), BÚZIOS_ECO(31/12/2024)",GAVIÃO BRANCO,13,,FPTAM
2025-08-11T17:12:37.429Z,2025-07-31,Estação Produtora de Gavião Preto,3326.1452712183727,,20920.78852690932,Enauta Energia,FIXA,ES,Bernardo do Mearim,MARLIM(23/06/2023),GAVIÃO PRETO,12,,FPAGA
2025-08-11T17:12:37.429Z,2025-07-31,FPSO ALEXANDRE DE GUSMÃO,2206.2209999999995,33811.79689227532,47688.48573807532,TotalEnergies EP,SEMI SUBMERSÍVEL,,Coari,MARLIM(29/10/2022),CACIMBAS,50,,FPANE
2025-08-11T17:12:37.429Z,2025-07-31,FPSO Almirante Barroso,5855.54889,151076.9703127819,187907.20172110392,Karoon Brasil,FPU,,Linhares,ATLANTA(29/10/2024),AZULÃO,,,FPSOATLANTA
2025-08-11T17:12:37.429Z,2025-07-31,FPSO Almirante Tamandaré,7734.34947,190097.04517843414,238744.55647484015,BW Maromba,TLWP,,Silves,SÉPIA(02/01/2021),,57,,FPCRC
2025-08-11T17:12:37.429Z,2025-07-31,FPSO ANITA GARIBALDI,735.0381299999998,32044.744721959196,36667.9875520332,Shell Brasil,,,,"JUBARTE(31/08/2012), BALEIA AZUL(31/08/2012), PIRAMBU(31/08/2012)",,71,,FCDA
2025-08-11T17:12:37.429Z,2025-07-31,FPSO ANNA NERY,692.6225999999999,37948.88051065914,42305.33814013913,Petro Rio Jaguar,,,,TUPI(26/04/2009),,67,,FPCAR
2025-08-11T17:12:37.429Z,2025-07-31,FPSO ATLANTA,347.2341,42043.1406360108,44227.173678190804,Prio Bravo,,,,TARTARUGA VERDE(31/12/2017),,15,,FPCGZ
2025-08-11T17:12:37.429Z,2025-07-31,FPSO Carioca (MV-30),6091.242979999999,158846.63890880928,197159.33900441328,Equinor Brasil,,,,LAPA(30/08/2016),,10,,FPCCG
2025-08-11T17:12:37.429Z,2025-07-31,FPSO CIDADE DE ANCHIETA,854.035,18597.485970689995,23969.195313689997,3R Petroleum Off,,,,SAPINHOÁ(10/11/2014),,11,,FPCIB
2025-08-11T17:12:37.429Z,2025-07-31,FPSO CIDADE DE ANGRA DOS REIS,,,,Trident Energy,,,,TUPI(31/07/2015),,12,,FPCIG
2025-08-11T17:12:37.429Z,2025-07-31,FPSO Cidade de Campos dos Goytacazes,690.58211,66454.95048397918,70798.57383945718,Perenco Brasil,,,,"BAÚNA(25/01/2013), PIRACABA(25/01/2013)",,13,,FPCI
2025-08-11T17:12:37.429Z,2025-07-31,FPSO CIDADE DE CARAGUATATUBA,1617.4739899999997,41867.6300693904,52041.2179716924,,,,,TUPI(14/10/2014),,14,,FPCMB
2025-08-11T17:12:37.429Z,2025-07-31,FPSO CIDADE DE ILHA BELA,2704.4030000000002,53068.126206744004,70078.28019614404,,,,,TUPI(28/01/2016),,15,,FPCMC
2025-08-11T17:12:37.429Z,2025-07-31,FPSO CIDADE DE ITAGUAÍ,6673.144050000001,105046.31133770398,147019.05278339397,,,,,MARLIM LESTE(12/01/2008),,16,,FPNT
2025-08-11T17:12:37.429Z,2025-07-31,FPSO CIDADE DE ITAJAÍ,394.4583899999999,25980.202404914995,28461.266786337,,,,,TUPI(28/05/2013),,17,,FPCP
2025-08-11T17:12:37.429Z,2025-07-31,FPSO CIDADE DE MANGARATIBA,5685.736469999998,98042.19477811438,133804.3400271204,,,,,"URUGUÁ(14/07/2010), TAMBAÚ(13/11/2014)",,18,,FPCST
2025-08-11T17:12:37.429Z,2025-07-31,FPSO CIDADE DE MARICÁ,5274.727750000002,125790.58901085598,158967.57161280597,,,,,SAPINHOÁ(01/12/2012),,19,,FPCSP
2025-08-11T17:12:37.429Z,2025-07-31,FPSO CIDADE DE NITEROI,,,,,,,,TUPI(31/05/2016),,20,,FPCSQ
2025-08-11T17:12:37.429Z,2025-07-31,FPSO CIDADE DE PARATY,4202.528980000002,93587.76268924083,120020.82946764486,,,,,GOLFINHO(15/11/2007),,21,,CVIX
2025-08-11T17:12:37.429Z,2025-07-31,FPSO CIDADE DE SANTOS,,,,,,,,"ABALONE(12/07/2009), OSTRA(26/01/2011), ARGONAUTA(26/01/2011)",,22,,FPSO ESP SANTO
2025-08-11T17:12:37.429Z,2025-07-31,FPSO CIDADE DE SÃO PAULO,2836.4488199999982,60019.540406337605,77860.23619437357,,,,,FRADE(07/06/2009),,23,,FPSO FRADE
2025-08-11T17:12:37.429Z,2025-07-31,FPSO CIDADE DE SAQUAREMA,5773.369170000002,107780.38411289817,144093.72151836415,,,,,MERO(13/05/2021),,24,,FPGNB
2025-08-11T17:12:37.429Z,2025-07-31,FPSO CIDADE DE VITÓRIA,9989.585879840039,,10419.534782234037,,,,,MERO(28/07/2024),,25,,FPMDC
2025-08-11T17:12:37.429Z,2025-07-31,FPSO ESPIRITO SANTO,432.62999999999994,31315.09015799999,34036.246331999995,,,,,JUBARTE(13/01/2025),,26,,FPMQT
2025-08-11T17:12:37.429Z,2025-07-31,FPSO FRADE,236.63599999999997,24218.725454351996,25707.11856715199,,,,,MERO(31/07/2017),,27,,FPSOPL
2025-08-11T17:12:37.429Z,2025-07-31,FPSO GUANABARA,12074.057470000003,184058.52186214318,260001.92853694913,,,,,MERO(11/04/2023),,28,,FPSTB
2025-08-11T17:12:37.429Z,2025-07-31,FPSO Marechal  Duque de Caxias,11693.751830000003,180418.93440479753,253970.29466513157,,,,,TUBARÃO MARTELO(03/11/2013),,29,,OSX3
2025-08-11T17:12:37.429Z,2025-07-31,FPSO MARIA QUITERIA,1057.8944372924855,30198.5673769267,36852.51180860898,,,,,PEREGRINO(22/03/2011),,30,,PEREGRINO A
2025-08-11T17:12:37.429Z,2025-07-31,FPSO PIONEIRO DE LIBRA,3179.70319,47606.67052537439,67606.36764983641,,,,,"PEREGRINO(01/10/2021), PITANGOLA(01/10/2021)",,31,,PEREGRINO B
2025-08-11T17:12:37.429Z,2025-07-31,FPSO SEPETIBA,11972.825299999999,180332.75826565857,255639.43483759862,,,,,PEROÁ(27/01/2011),,32,,WHP-C
2025-08-11T17:12:37.429Z,2025-07-31,FPSO_OSX3,7333.195575676225,,7485.716311881899,,,,,MARIMBÁ(21/06/1993),,33,,PPER
2025-08-11T17:12:37.429Z,2025-07-31,Peregrino A,52839.095136491,,53183.391948140175,,,,,ALBACORA(27/09/1996),,34,,P-08
2025-08-11T17:12:37.429Z,2025-07-31,Peregrino B,5284.722037479752,,5303.577158904215,,,,,ALBACORA(17/08/1998),,35,,P-25
2025-08-11T17:12:37.429Z,2025-07-31,PEREGRINO C,41781.95172355265,,42407.46615474702,,,,,MARLIM SUL(16/12/2001),,36,,P-31
2025-08-11T17:12:37.429Z,2025-07-31,PEROA,2.248,,14.1394704,,,,,BARRACUDA(21/12/2004),,37,,P-40
